Campaign,Campaign Type,Budget,Budget type,Bid Strategy Type,Campaign Status,Ad Group,Max CPC,Ad Group Status,Keyword,Criterion Type,Final URL,Status
GT | Search | Acil Tesisatçı | Avrupa,Search,250,Daily,Maximize Conversions,Paused,Acil Tesisatci - Genel,,Enabled,acil tesisatçı,Phrase,https://golgetesisat.com/?hizmet=acil-tesisatci,Enabled
GT | Search | Acil Tesisatçı | Avrupa,Search,,Daily,Maximize Conversions,Paused,Acil Tesisatci - Genel,,Enabled,acil tesisatçı,Exact,https://golgetesisat.com/?hizmet=acil-tesisatci,Enabled
GT | Search | Acil Tesisatçı | Avrupa,Search,,Daily,Maximize Conversions,Paused,Acil Tesisatci - Genel,,Enabled,acil tesisatçı istanbul,Phrase,https://golgetesisat.com/?hizmet=acil-tesisatci,Enabled
GT | Search | Acil Tesisatçı | Avrupa,Search,,Daily,Maximize Conversions,Paused,Acil Tesisatci - Genel,,Enabled,acil tesisatçı istanbul,Exact,https://golgetesisat.com/?hizmet=acil-tesisatci,Enabled
GT | Search | Acil Tesisatçı | Avrupa,Search,,Daily,Maximize Conversions,Paused,Acil Tesisatci - Genel,,Enabled,acil su tesisatçısı,Phrase,https://golgetesisat.com/?hizmet=acil-tesisatci,Enabled
GT | Search | Acil Tesisatçı | Avrupa,Search,,Daily,Maximize Conversions,Paused,Acil Tesisatci - Genel,,Enabled,acil su tesisatçısı,Exact,https://golgetesisat.com/?hizmet=acil-tesisatci,Enabled
GT | Search | Acil Tesisatçı | Avrupa,Search,,Daily,Maximize Conversions,Paused,Acil Tesisatci - Genel,,Enabled,en yakın tesisatçı,Phrase,https://golgetesisat.com/?hizmet=acil-tesisatci,Enabled
GT | Search | Acil Tesisatçı | Avrupa,Search,,Daily,Maximize Conversions,Paused,Acil Tesisatci - Genel,,Enabled,en yakın tesisatçı,Exact,https://golgetesisat.com/?hizmet=acil-tesisatci,Enabled
GT | Search | Acil Tesisatçı | Avrupa,Search,,Daily,Maximize Conversions,Paused,Acil Tesisatci - Genel,,Enabled,tesisatçı ara,Phrase,https://golgetesisat.com/?hizmet=acil-tesisatci,Enabled
GT | Search | Acil Tesisatçı | Avrupa,Search,,Daily,Maximize Conversions,Paused,Acil Tesisatci - Genel,,Enabled,tesisatçı ara,Exact,https://golgetesisat.com/?hizmet=acil-tesisatci,Enabled
GT | Search | Acil Tesisatçı | Avrupa,Search,,Daily,Maximize Conversions,Paused,Acil Tesisatci - Genel,,Enabled,tesisatçı numarası,Phrase,https://golgetesisat.com/?hizmet=acil-tesisatci,Enabled
GT | Search | Acil Tesisatçı | Avrupa,Search,,Daily,Maximize Conversions,Paused,Acil Tesisatci - Genel,,Enabled,tesisatçı numarası,Exact,https://golgetesisat.com/?hizmet=acil-tesisatci,Enabled
GT | Search | Acil Tesisatçı | Avrupa,Search,,Daily,Maximize Conversions,Paused,724 Tesisatci,,Enabled,7/24 tesisatçı,Phrase,https://golgetesisat.com/?hizmet=acil-tesisatci,Enabled
GT | Search | Acil Tesisatçı | Avrupa,Search,,Daily,Maximize Conversions,Paused,724 Tesisatci,,Enabled,7/24 tesisatçı,Exact,https://golgetesisat.com/?hizmet=acil-tesisatci,Enabled
GT | Search | Acil Tesisatçı | Avrupa,Search,,Daily,Maximize Conversions,Paused,724 Tesisatci,,Enabled,24 saat tesisatçı,Phrase,https://golgetesisat.com/?hizmet=acil-tesisatci,Enabled
GT | Search | Acil Tesisatçı | Avrupa,Search,,Daily,Maximize Conversions,Paused,724 Tesisatci,,Enabled,24 saat tesisatçı,Exact,https://golgetesisat.com/?hizmet=acil-tesisatci,Enabled
GT | Search | Acil Tesisatçı | Avrupa,Search,,Daily,Maximize Conversions,Paused,724 Tesisatci,,Enabled,gece açık tesisatçı,Phrase,https://golgetesisat.com/?hizmet=acil-tesisatci,Enabled
GT | Search | Acil Tesisatçı | Avrupa,Search,,Daily,Maximize Conversions,Paused,724 Tesisatci,,Enabled,gece açık tesisatçı,Exact,https://golgetesisat.com/?hizmet=acil-tesisatci,Enabled
GT | Search | Acil Tesisatçı | Avrupa,Search,,Daily,Maximize Conversions,Paused,724 Tesisatci,,Enabled,gece tesisatçı,Phrase,https://golgetesisat.com/?hizmet=acil-tesisatci,Enabled
GT | Search | Acil Tesisatçı | Avrupa,Search,,Daily,Maximize Conversions,Paused,724 Tesisatci,,Enabled,gece tesisatçı,Exact,https://golgetesisat.com/?hizmet=acil-tesisatci,Enabled
GT | Search | Acil Tesisatçı | Avrupa,Search,,Daily,Maximize Conversions,Paused,724 Tesisatci,,Enabled,pazar günü tesisatçı,Phrase,https://golgetesisat.com/?hizmet=acil-tesisatci,Enabled
GT | Search | Acil Tesisatçı | Avrupa,Search,,Daily,Maximize Conversions,Paused,724 Tesisatci,,Enabled,pazar günü tesisatçı,Exact,https://golgetesisat.com/?hizmet=acil-tesisatci,Enabled
GT | Search | Acil Tesisatçı | Avrupa,Search,,Daily,Maximize Conversions,Paused,724 Tesisatci,,Enabled,nöbetçi tesisatçı,Phrase,https://golgetesisat.com/?hizmet=acil-tesisatci,Enabled
GT | Search | Acil Tesisatçı | Avrupa,Search,,Daily,Maximize Conversions,Paused,724 Tesisatci,,Enabled,nöbetçi tesisatçı,Exact,https://golgetesisat.com/?hizmet=acil-tesisatci,Enabled
GT | Search | Acil Tesisatçı | Avrupa,Search,,Daily,Maximize Conversions,Paused,Yakinimda Tesisatci,,Enabled,yakınımdaki tesisatçı,Phrase,https://golgetesisat.com/?hizmet=acil-tesisatci,Enabled
GT | Search | Acil Tesisatçı | Avrupa,Search,,Daily,Maximize Conversions,Paused,Yakinimda Tesisatci,,Enabled,yakınımdaki tesisatçı,Exact,https://golgetesisat.com/?hizmet=acil-tesisatci,Enabled
GT | Search | Acil Tesisatçı | Avrupa,Search,,Daily,Maximize Conversions,Paused,Yakinimda Tesisatci,,Enabled,yakınımda tesisatçı,Phrase,https://golgetesisat.com/?hizmet=acil-tesisatci,Enabled
GT | Search | Acil Tesisatçı | Avrupa,Search,,Daily,Maximize Conversions,Paused,Yakinimda Tesisatci,,Enabled,yakınımda tesisatçı,Exact,https://golgetesisat.com/?hizmet=acil-tesisatci,Enabled
GT | Search | Acil Tesisatçı | Avrupa,Search,,Daily,Maximize Conversions,Paused,Yakinimda Tesisatci,,Enabled,en yakın su tesisatçısı,Phrase,https://golgetesisat.com/?hizmet=acil-tesisatci,Enabled
GT | Search | Acil Tesisatçı | Avrupa,Search,,Daily,Maximize Conversions,Paused,Yakinimda Tesisatci,,Enabled,en yakın su tesisatçısı,Exact,https://golgetesisat.com/?hizmet=acil-tesisatci,Enabled
GT | Search | Acil Tesisatçı | Avrupa,Search,,Daily,Maximize Conversions,Paused,Yakinimda Tesisatci,,Enabled,bölgemde tesisatçı,Phrase,https://golgetesisat.com/?hizmet=acil-tesisatci,Enabled
GT | Search | Acil Tesisatçı | Avrupa,Search,,Daily,Maximize Conversions,Paused,Yakinimda Tesisatci,,Enabled,bölgemde tesisatçı,Exact,https://golgetesisat.com/?hizmet=acil-tesisatci,Enabled
GT | Search | Acil Tesisatçı | Anadolu,Search,250,Daily,Maximize Conversions,Paused,Acil Tesisatci - Genel,,Enabled,acil tesisatçı,Phrase,https://golgetesisat.com/?hizmet=acil-tesisatci,Enabled
GT | Search | Acil Tesisatçı | Anadolu,Search,,Daily,Maximize Conversions,Paused,Acil Tesisatci - Genel,,Enabled,acil tesisatçı,Exact,https://golgetesisat.com/?hizmet=acil-tesisatci,Enabled
GT | Search | Acil Tesisatçı | Anadolu,Search,,Daily,Maximize Conversions,Paused,Acil Tesisatci - Genel,,Enabled,acil tesisatçı istanbul,Phrase,https://golgetesisat.com/?hizmet=acil-tesisatci,Enabled
GT | Search | Acil Tesisatçı | Anadolu,Search,,Daily,Maximize Conversions,Paused,Acil Tesisatci - Genel,,Enabled,acil tesisatçı istanbul,Exact,https://golgetesisat.com/?hizmet=acil-tesisatci,Enabled
GT | Search | Acil Tesisatçı | Anadolu,Search,,Daily,Maximize Conversions,Paused,Acil Tesisatci - Genel,,Enabled,acil su tesisatçısı,Phrase,https://golgetesisat.com/?hizmet=acil-tesisatci,Enabled
GT | Search | Acil Tesisatçı | Anadolu,Search,,Daily,Maximize Conversions,Paused,Acil Tesisatci - Genel,,Enabled,acil su tesisatçısı,Exact,https://golgetesisat.com/?hizmet=acil-tesisatci,Enabled
GT | Search | Acil Tesisatçı | Anadolu,Search,,Daily,Maximize Conversions,Paused,Acil Tesisatci - Genel,,Enabled,en yakın tesisatçı,Phrase,https://golgetesisat.com/?hizmet=acil-tesisatci,Enabled
GT | Search | Acil Tesisatçı | Anadolu,Search,,Daily,Maximize Conversions,Paused,Acil Tesisatci - Genel,,Enabled,en yakın tesisatçı,Exact,https://golgetesisat.com/?hizmet=acil-tesisatci,Enabled
GT | Search | Acil Tesisatçı | Anadolu,Search,,Daily,Maximize Conversions,Paused,Acil Tesisatci - Genel,,Enabled,tesisatçı ara,Phrase,https://golgetesisat.com/?hizmet=acil-tesisatci,Enabled
GT | Search | Acil Tesisatçı | Anadolu,Search,,Daily,Maximize Conversions,Paused,Acil Tesisatci - Genel,,Enabled,tesisatçı ara,Exact,https://golgetesisat.com/?hizmet=acil-tesisatci,Enabled
GT | Search | Acil Tesisatçı | Anadolu,Search,,Daily,Maximize Conversions,Paused,Acil Tesisatci - Genel,,Enabled,tesisatçı numarası,Phrase,https://golgetesisat.com/?hizmet=acil-tesisatci,Enabled
GT | Search | Acil Tesisatçı | Anadolu,Search,,Daily,Maximize Conversions,Paused,Acil Tesisatci - Genel,,Enabled,tesisatçı numarası,Exact,https://golgetesisat.com/?hizmet=acil-tesisatci,Enabled
GT | Search | Acil Tesisatçı | Anadolu,Search,,Daily,Maximize Conversions,Paused,724 Tesisatci,,Enabled,7/24 tesisatçı,Phrase,https://golgetesisat.com/?hizmet=acil-tesisatci,Enabled
GT | Search | Acil Tesisatçı | Anadolu,Search,,Daily,Maximize Conversions,Paused,724 Tesisatci,,Enabled,7/24 tesisatçı,Exact,https://golgetesisat.com/?hizmet=acil-tesisatci,Enabled
GT | Search | Acil Tesisatçı | Anadolu,Search,,Daily,Maximize Conversions,Paused,724 Tesisatci,,Enabled,24 saat tesisatçı,Phrase,https://golgetesisat.com/?hizmet=acil-tesisatci,Enabled
GT | Search | Acil Tesisatçı | Anadolu,Search,,Daily,Maximize Conversions,Paused,724 Tesisatci,,Enabled,24 saat tesisatçı,Exact,https://golgetesisat.com/?hizmet=acil-tesisatci,Enabled
GT | Search | Acil Tesisatçı | Anadolu,Search,,Daily,Maximize Conversions,Paused,724 Tesisatci,,Enabled,gece açık tesisatçı,Phrase,https://golgetesisat.com/?hizmet=acil-tesisatci,Enabled
GT | Search | Acil Tesisatçı | Anadolu,Search,,Daily,Maximize Conversions,Paused,724 Tesisatci,,Enabled,gece açık tesisatçı,Exact,https://golgetesisat.com/?hizmet=acil-tesisatci,Enabled
GT | Search | Acil Tesisatçı | Anadolu,Search,,Daily,Maximize Conversions,Paused,724 Tesisatci,,Enabled,gece tesisatçı,Phrase,https://golgetesisat.com/?hizmet=acil-tesisatci,Enabled
GT | Search | Acil Tesisatçı | Anadolu,Search,,Daily,Maximize Conversions,Paused,724 Tesisatci,,Enabled,gece tesisatçı,Exact,https://golgetesisat.com/?hizmet=acil-tesisatci,Enabled
GT | Search | Acil Tesisatçı | Anadolu,Search,,Daily,Maximize Conversions,Paused,724 Tesisatci,,Enabled,pazar günü tesisatçı,Phrase,https://golgetesisat.com/?hizmet=acil-tesisatci,Enabled
GT | Search | Acil Tesisatçı | Anadolu,Search,,Daily,Maximize Conversions,Paused,724 Tesisatci,,Enabled,pazar günü tesisatçı,Exact,https://golgetesisat.com/?hizmet=acil-tesisatci,Enabled
GT | Search | Acil Tesisatçı | Anadolu,Search,,Daily,Maximize Conversions,Paused,724 Tesisatci,,Enabled,nöbetçi tesisatçı,Phrase,https://golgetesisat.com/?hizmet=acil-tesisatci,Enabled
GT | Search | Acil Tesisatçı | Anadolu,Search,,Daily,Maximize Conversions,Paused,724 Tesisatci,,Enabled,nöbetçi tesisatçı,Exact,https://golgetesisat.com/?hizmet=acil-tesisatci,Enabled
GT | Search | Acil Tesisatçı | Anadolu,Search,,Daily,Maximize Conversions,Paused,Yakinimda Tesisatci,,Enabled,yakınımdaki tesisatçı,Phrase,https://golgetesisat.com/?hizmet=acil-tesisatci,Enabled
GT | Search | Acil Tesisatçı | Anadolu,Search,,Daily,Maximize Conversions,Paused,Yakinimda Tesisatci,,Enabled,yakınımdaki tesisatçı,Exact,https://golgetesisat.com/?hizmet=acil-tesisatci,Enabled
GT | Search | Acil Tesisatçı | Anadolu,Search,,Daily,Maximize Conversions,Paused,Yakinimda Tesisatci,,Enabled,yakınımda tesisatçı,Phrase,https://golgetesisat.com/?hizmet=acil-tesisatci,Enabled
GT | Search | Acil Tesisatçı | Anadolu,Search,,Daily,Maximize Conversions,Paused,Yakinimda Tesisatci,,Enabled,yakınımda tesisatçı,Exact,https://golgetesisat.com/?hizmet=acil-tesisatci,Enabled
GT | Search | Acil Tesisatçı | Anadolu,Search,,Daily,Maximize Conversions,Paused,Yakinimda Tesisatci,,Enabled,en yakın su tesisatçısı,Phrase,https://golgetesisat.com/?hizmet=acil-tesisatci,Enabled
GT | Search | Acil Tesisatçı | Anadolu,Search,,Daily,Maximize Conversions,Paused,Yakinimda Tesisatci,,Enabled,en yakın su tesisatçısı,Exact,https://golgetesisat.com/?hizmet=acil-tesisatci,Enabled
GT | Search | Acil Tesisatçı | Anadolu,Search,,Daily,Maximize Conversions,Paused,Yakinimda Tesisatci,,Enabled,bölgemde tesisatçı,Phrase,https://golgetesisat.com/?hizmet=acil-tesisatci,Enabled
GT | Search | Acil Tesisatçı | Anadolu,Search,,Daily,Maximize Conversions,Paused,Yakinimda Tesisatci,,Enabled,bölgemde tesisatçı,Exact,https://golgetesisat.com/?hizmet=acil-tesisatci,Enabled
GT | Search | Su Kacagi Tespiti | Avrupa,Search,300,Daily,Maximize Conversions,Paused,Su Kacagi Tespiti - Genel,,Enabled,su kaçağı tespiti,Phrase,https://golgetesisat.com/?hizmet=su-kacagi-tespiti,Enabled
GT | Search | Su Kacagi Tespiti | Avrupa,Search,,Daily,Maximize Conversions,Paused,Su Kacagi Tespiti - Genel,,Enabled,su kaçağı tespiti,Exact,https://golgetesisat.com/?hizmet=su-kacagi-tespiti,Enabled
GT | Search | Su Kacagi Tespiti | Avrupa,Search,,Daily,Maximize Conversions,Paused,Su Kacagi Tespiti - Genel,,Enabled,su kaçağı tespiti istanbul,Phrase,https://golgetesisat.com/?hizmet=su-kacagi-tespiti,Enabled
GT | Search | Su Kacagi Tespiti | Avrupa,Search,,Daily,Maximize Conversions,Paused,Su Kacagi Tespiti - Genel,,Enabled,su kaçağı tespiti istanbul,Exact,https://golgetesisat.com/?hizmet=su-kacagi-tespiti,Enabled
GT | Search | Su Kacagi Tespiti | Avrupa,Search,,Daily,Maximize Conversions,Paused,Su Kacagi Tespiti - Genel,,Enabled,su kaçağı bulma,Phrase,https://golgetesisat.com/?hizmet=su-kacagi-tespiti,Enabled
GT | Search | Su Kacagi Tespiti | Avrupa,Search,,Daily,Maximize Conversions,Paused,Su Kacagi Tespiti - Genel,,Enabled,su kaçağı bulma,Exact,https://golgetesisat.com/?hizmet=su-kacagi-tespiti,Enabled
GT | Search | Su Kacagi Tespiti | Avrupa,Search,,Daily,Maximize Conversions,Paused,Su Kacagi Tespiti - Genel,,Enabled,su kaçağı tespit firması,Phrase,https://golgetesisat.com/?hizmet=su-kacagi-tespiti,Enabled
GT | Search | Su Kacagi Tespiti | Avrupa,Search,,Daily,Maximize Conversions,Paused,Su Kacagi Tespiti - Genel,,Enabled,su kaçağı tespit firması,Exact,https://golgetesisat.com/?hizmet=su-kacagi-tespiti,Enabled
GT | Search | Su Kacagi Tespiti | Avrupa,Search,,Daily,Maximize Conversions,Paused,Su Kacagi Tespiti - Genel,,Enabled,su kaçağı tespiti fiyat,Phrase,https://golgetesisat.com/?hizmet=su-kacagi-tespiti,Enabled
GT | Search | Su Kacagi Tespiti | Avrupa,Search,,Daily,Maximize Conversions,Paused,Su Kacagi Tespiti - Genel,,Enabled,su kaçağı tespiti fiyat,Exact,https://golgetesisat.com/?hizmet=su-kacagi-tespiti,Enabled
GT | Search | Su Kacagi Tespiti | Avrupa,Search,,Daily,Maximize Conversions,Paused,Kirmadan Su Kacagi,,Enabled,kırmadan su kaçağı tespiti,Phrase,https://golgetesisat.com/?hizmet=su-kacagi-tespiti,Enabled
GT | Search | Su Kacagi Tespiti | Avrupa,Search,,Daily,Maximize Conversions,Paused,Kirmadan Su Kacagi,,Enabled,kırmadan su kaçağı tespiti,Exact,https://golgetesisat.com/?hizmet=su-kacagi-tespiti,Enabled
GT | Search | Su Kacagi Tespiti | Avrupa,Search,,Daily,Maximize Conversions,Paused,Kirmadan Su Kacagi,,Enabled,kırmadan su kaçağı bulma,Phrase,https://golgetesisat.com/?hizmet=su-kacagi-tespiti,Enabled
GT | Search | Su Kacagi Tespiti | Avrupa,Search,,Daily,Maximize Conversions,Paused,Kirmadan Su Kacagi,,Enabled,kırmadan su kaçağı bulma,Exact,https://golgetesisat.com/?hizmet=su-kacagi-tespiti,Enabled
GT | Search | Su Kacagi Tespiti | Avrupa,Search,,Daily,Maximize Conversions,Paused,Kirmadan Su Kacagi,,Enabled,kırmadan tespit cihazı ile su kaçağı,Phrase,https://golgetesisat.com/?hizmet=su-kacagi-tespiti,Enabled
GT | Search | Su Kacagi Tespiti | Avrupa,Search,,Daily,Maximize Conversions,Paused,Kirmadan Su Kacagi,,Enabled,kırmadan tespit cihazı ile su kaçağı,Exact,https://golgetesisat.com/?hizmet=su-kacagi-tespiti,Enabled
GT | Search | Su Kacagi Tespiti | Avrupa,Search,,Daily,Maximize Conversions,Paused,Kirmadan Su Kacagi,,Enabled,hasarsız su kaçağı tespiti,Phrase,https://golgetesisat.com/?hizmet=su-kacagi-tespiti,Enabled
GT | Search | Su Kacagi Tespiti | Avrupa,Search,,Daily,Maximize Conversions,Paused,Kirmadan Su Kacagi,,Enabled,hasarsız su kaçağı tespiti,Exact,https://golgetesisat.com/?hizmet=su-kacagi-tespiti,Enabled
GT | Search | Su Kacagi Tespiti | Avrupa,Search,,Daily,Maximize Conversions,Paused,Termal Kamera Su Kacagi,,Enabled,termal kamera ile su kaçağı tespiti,Phrase,https://golgetesisat.com/?hizmet=su-kacagi-tespiti,Enabled
GT | Search | Su Kacagi Tespiti | Avrupa,Search,,Daily,Maximize Conversions,Paused,Termal Kamera Su Kacagi,,Enabled,termal kamera ile su kaçağı tespiti,Exact,https://golgetesisat.com/?hizmet=su-kacagi-tespiti,Enabled
GT | Search | Su Kacagi Tespiti | Avrupa,Search,,Daily,Maximize Conversions,Paused,Termal Kamera Su Kacagi,,Enabled,cihazla su kaçağı tespiti,Phrase,https://golgetesisat.com/?hizmet=su-kacagi-tespiti,Enabled
GT | Search | Su Kacagi Tespiti | Avrupa,Search,,Daily,Maximize Conversions,Paused,Termal Kamera Su Kacagi,,Enabled,cihazla su kaçağı tespiti,Exact,https://golgetesisat.com/?hizmet=su-kacagi-tespiti,Enabled
GT | Search | Su Kacagi Tespiti | Avrupa,Search,,Daily,Maximize Conversions,Paused,Termal Kamera Su Kacagi,,Enabled,su kaçağı tespit cihazı ile bulma,Phrase,https://golgetesisat.com/?hizmet=su-kacagi-tespiti,Enabled
GT | Search | Su Kacagi Tespiti | Avrupa,Search,,Daily,Maximize Conversions,Paused,Termal Kamera Su Kacagi,,Enabled,su kaçağı tespit cihazı ile bulma,Exact,https://golgetesisat.com/?hizmet=su-kacagi-tespiti,Enabled
GT | Search | Su Kacagi Tespiti | Avrupa,Search,,Daily,Maximize Conversions,Paused,Gizli Kacak Tespiti,,Enabled,gizli su kaçağı tespiti,Phrase,https://golgetesisat.com/?hizmet=su-kacagi-tespiti,Enabled
GT | Search | Su Kacagi Tespiti | Avrupa,Search,,Daily,Maximize Conversions,Paused,Gizli Kacak Tespiti,,Enabled,gizli su kaçağı tespiti,Exact,https://golgetesisat.com/?hizmet=su-kacagi-tespiti,Enabled
GT | Search | Su Kacagi Tespiti | Avrupa,Search,,Daily,Maximize Conversions,Paused,Gizli Kacak Tespiti,,Enabled,duvarda su kaçağı tespiti,Phrase,https://golgetesisat.com/?hizmet=su-kacagi-tespiti,Enabled
GT | Search | Su Kacagi Tespiti | Avrupa,Search,,Daily,Maximize Conversions,Paused,Gizli Kacak Tespiti,,Enabled,duvarda su kaçağı tespiti,Exact,https://golgetesisat.com/?hizmet=su-kacagi-tespiti,Enabled
GT | Search | Su Kacagi Tespiti | Avrupa,Search,,Daily,Maximize Conversions,Paused,Gizli Kacak Tespiti,,Enabled,zeminde su kaçağı tespiti,Phrase,https://golgetesisat.com/?hizmet=su-kacagi-tespiti,Enabled
GT | Search | Su Kacagi Tespiti | Avrupa,Search,,Daily,Maximize Conversions,Paused,Gizli Kacak Tespiti,,Enabled,zeminde su kaçağı tespiti,Exact,https://golgetesisat.com/?hizmet=su-kacagi-tespiti,Enabled
GT | Search | Su Kacagi Tespiti | Avrupa,Search,,Daily,Maximize Conversions,Paused,Gizli Kacak Tespiti,,Enabled,yerden ısıtma su kaçağı tespiti,Phrase,https://golgetesisat.com/?hizmet=su-kacagi-tespiti,Enabled
GT | Search | Su Kacagi Tespiti | Avrupa,Search,,Daily,Maximize Conversions,Paused,Gizli Kacak Tespiti,,Enabled,yerden ısıtma su kaçağı tespiti,Exact,https://golgetesisat.com/?hizmet=su-kacagi-tespiti,Enabled
GT | Search | Su Kacagi Tespiti | Avrupa,Search,,Daily,Maximize Conversions,Paused,Gizli Kacak Tespiti,,Enabled,petek su kaçağı tespiti,Phrase,https://golgetesisat.com/?hizmet=su-kacagi-tespiti,Enabled
GT | Search | Su Kacagi Tespiti | Avrupa,Search,,Daily,Maximize Conversions,Paused,Gizli Kacak Tespiti,,Enabled,petek su kaçağı tespiti,Exact,https://golgetesisat.com/?hizmet=su-kacagi-tespiti,Enabled
GT | Search | Su Kacagi Tespiti | Anadolu,Search,300,Daily,Maximize Conversions,Paused,Su Kacagi Tespiti - Genel,,Enabled,su kaçağı tespiti,Phrase,https://golgetesisat.com/?hizmet=su-kacagi-tespiti,Enabled
GT | Search | Su Kacagi Tespiti | Anadolu,Search,,Daily,Maximize Conversions,Paused,Su Kacagi Tespiti - Genel,,Enabled,su kaçağı tespiti,Exact,https://golgetesisat.com/?hizmet=su-kacagi-tespiti,Enabled
GT | Search | Su Kacagi Tespiti | Anadolu,Search,,Daily,Maximize Conversions,Paused,Su Kacagi Tespiti - Genel,,Enabled,su kaçağı tespiti istanbul,Phrase,https://golgetesisat.com/?hizmet=su-kacagi-tespiti,Enabled
GT | Search | Su Kacagi Tespiti | Anadolu,Search,,Daily,Maximize Conversions,Paused,Su Kacagi Tespiti - Genel,,Enabled,su kaçağı tespiti istanbul,Exact,https://golgetesisat.com/?hizmet=su-kacagi-tespiti,Enabled
GT | Search | Su Kacagi Tespiti | Anadolu,Search,,Daily,Maximize Conversions,Paused,Su Kacagi Tespiti - Genel,,Enabled,su kaçağı bulma,Phrase,https://golgetesisat.com/?hizmet=su-kacagi-tespiti,Enabled
GT | Search | Su Kacagi Tespiti | Anadolu,Search,,Daily,Maximize Conversions,Paused,Su Kacagi Tespiti - Genel,,Enabled,su kaçağı bulma,Exact,https://golgetesisat.com/?hizmet=su-kacagi-tespiti,Enabled
GT | Search | Su Kacagi Tespiti | Anadolu,Search,,Daily,Maximize Conversions,Paused,Su Kacagi Tespiti - Genel,,Enabled,su kaçağı tespit firması,Phrase,https://golgetesisat.com/?hizmet=su-kacagi-tespiti,Enabled
GT | Search | Su Kacagi Tespiti | Anadolu,Search,,Daily,Maximize Conversions,Paused,Su Kacagi Tespiti - Genel,,Enabled,su kaçağı tespit firması,Exact,https://golgetesisat.com/?hizmet=su-kacagi-tespiti,Enabled
GT | Search | Su Kacagi Tespiti | Anadolu,Search,,Daily,Maximize Conversions,Paused,Su Kacagi Tespiti - Genel,,Enabled,su kaçağı tespiti fiyat,Phrase,https://golgetesisat.com/?hizmet=su-kacagi-tespiti,Enabled
GT | Search | Su Kacagi Tespiti | Anadolu,Search,,Daily,Maximize Conversions,Paused,Su Kacagi Tespiti - Genel,,Enabled,su kaçağı tespiti fiyat,Exact,https://golgetesisat.com/?hizmet=su-kacagi-tespiti,Enabled
GT | Search | Su Kacagi Tespiti | Anadolu,Search,,Daily,Maximize Conversions,Paused,Kirmadan Su Kacagi,,Enabled,kırmadan su kaçağı tespiti,Phrase,https://golgetesisat.com/?hizmet=su-kacagi-tespiti,Enabled
GT | Search | Su Kacagi Tespiti | Anadolu,Search,,Daily,Maximize Conversions,Paused,Kirmadan Su Kacagi,,Enabled,kırmadan su kaçağı tespiti,Exact,https://golgetesisat.com/?hizmet=su-kacagi-tespiti,Enabled
GT | Search | Su Kacagi Tespiti | Anadolu,Search,,Daily,Maximize Conversions,Paused,Kirmadan Su Kacagi,,Enabled,kırmadan su kaçağı bulma,Phrase,https://golgetesisat.com/?hizmet=su-kacagi-tespiti,Enabled
GT | Search | Su Kacagi Tespiti | Anadolu,Search,,Daily,Maximize Conversions,Paused,Kirmadan Su Kacagi,,Enabled,kırmadan su kaçağı bulma,Exact,https://golgetesisat.com/?hizmet=su-kacagi-tespiti,Enabled
GT | Search | Su Kacagi Tespiti | Anadolu,Search,,Daily,Maximize Conversions,Paused,Kirmadan Su Kacagi,,Enabled,kırmadan tespit cihazı ile su kaçağı,Phrase,https://golgetesisat.com/?hizmet=su-kacagi-tespiti,Enabled
GT | Search | Su Kacagi Tespiti | Anadolu,Search,,Daily,Maximize Conversions,Paused,Kirmadan Su Kacagi,,Enabled,kırmadan tespit cihazı ile su kaçağı,Exact,https://golgetesisat.com/?hizmet=su-kacagi-tespiti,Enabled
GT | Search | Su Kacagi Tespiti | Anadolu,Search,,Daily,Maximize Conversions,Paused,Kirmadan Su Kacagi,,Enabled,hasarsız su kaçağı tespiti,Phrase,https://golgetesisat.com/?hizmet=su-kacagi-tespiti,Enabled
GT | Search | Su Kacagi Tespiti | Anadolu,Search,,Daily,Maximize Conversions,Paused,Kirmadan Su Kacagi,,Enabled,hasarsız su kaçağı tespiti,Exact,https://golgetesisat.com/?hizmet=su-kacagi-tespiti,Enabled
GT | Search | Su Kacagi Tespiti | Anadolu,Search,,Daily,Maximize Conversions,Paused,Termal Kamera Su Kacagi,,Enabled,termal kamera ile su kaçağı tespiti,Phrase,https://golgetesisat.com/?hizmet=su-kacagi-tespiti,Enabled
GT | Search | Su Kacagi Tespiti | Anadolu,Search,,Daily,Maximize Conversions,Paused,Termal Kamera Su Kacagi,,Enabled,termal kamera ile su kaçağı tespiti,Exact,https://golgetesisat.com/?hizmet=su-kacagi-tespiti,Enabled
GT | Search | Su Kacagi Tespiti | Anadolu,Search,,Daily,Maximize Conversions,Paused,Termal Kamera Su Kacagi,,Enabled,cihazla su kaçağı tespiti,Phrase,https://golgetesisat.com/?hizmet=su-kacagi-tespiti,Enabled
GT | Search | Su Kacagi Tespiti | Anadolu,Search,,Daily,Maximize Conversions,Paused,Termal Kamera Su Kacagi,,Enabled,cihazla su kaçağı tespiti,Exact,https://golgetesisat.com/?hizmet=su-kacagi-tespiti,Enabled
GT | Search | Su Kacagi Tespiti | Anadolu,Search,,Daily,Maximize Conversions,Paused,Termal Kamera Su Kacagi,,Enabled,su kaçağı tespit cihazı ile bulma,Phrase,https://golgetesisat.com/?hizmet=su-kacagi-tespiti,Enabled
GT | Search | Su Kacagi Tespiti | Anadolu,Search,,Daily,Maximize Conversions,Paused,Termal Kamera Su Kacagi,,Enabled,su kaçağı tespit cihazı ile bulma,Exact,https://golgetesisat.com/?hizmet=su-kacagi-tespiti,Enabled
GT | Search | Su Kacagi Tespiti | Anadolu,Search,,Daily,Maximize Conversions,Paused,Gizli Kacak Tespiti,,Enabled,gizli su kaçağı tespiti,Phrase,https://golgetesisat.com/?hizmet=su-kacagi-tespiti,Enabled
GT | Search | Su Kacagi Tespiti | Anadolu,Search,,Daily,Maximize Conversions,Paused,Gizli Kacak Tespiti,,Enabled,gizli su kaçağı tespiti,Exact,https://golgetesisat.com/?hizmet=su-kacagi-tespiti,Enabled
GT | Search | Su Kacagi Tespiti | Anadolu,Search,,Daily,Maximize Conversions,Paused,Gizli Kacak Tespiti,,Enabled,duvarda su kaçağı tespiti,Phrase,https://golgetesisat.com/?hizmet=su-kacagi-tespiti,Enabled
GT | Search | Su Kacagi Tespiti | Anadolu,Search,,Daily,Maximize Conversions,Paused,Gizli Kacak Tespiti,,Enabled,duvarda su kaçağı tespiti,Exact,https://golgetesisat.com/?hizmet=su-kacagi-tespiti,Enabled
GT | Search | Su Kacagi Tespiti | Anadolu,Search,,Daily,Maximize Conversions,Paused,Gizli Kacak Tespiti,,Enabled,zeminde su kaçağı tespiti,Phrase,https://golgetesisat.com/?hizmet=su-kacagi-tespiti,Enabled
GT | Search | Su Kacagi Tespiti | Anadolu,Search,,Daily,Maximize Conversions,Paused,Gizli Kacak Tespiti,,Enabled,zeminde su kaçağı tespiti,Exact,https://golgetesisat.com/?hizmet=su-kacagi-tespiti,Enabled
GT | Search | Su Kacagi Tespiti | Anadolu,Search,,Daily,Maximize Conversions,Paused,Gizli Kacak Tespiti,,Enabled,yerden ısıtma su kaçağı tespiti,Phrase,https://golgetesisat.com/?hizmet=su-kacagi-tespiti,Enabled
GT | Search | Su Kacagi Tespiti | Anadolu,Search,,Daily,Maximize Conversions,Paused,Gizli Kacak Tespiti,,Enabled,yerden ısıtma su kaçağı tespiti,Exact,https://golgetesisat.com/?hizmet=su-kacagi-tespiti,Enabled
GT | Search | Su Kacagi Tespiti | Anadolu,Search,,Daily,Maximize Conversions,Paused,Gizli Kacak Tespiti,,Enabled,petek su kaçağı tespiti,Phrase,https://golgetesisat.com/?hizmet=su-kacagi-tespiti,Enabled
GT | Search | Su Kacagi Tespiti | Anadolu,Search,,Daily,Maximize Conversions,Paused,Gizli Kacak Tespiti,,Enabled,petek su kaçağı tespiti,Exact,https://golgetesisat.com/?hizmet=su-kacagi-tespiti,Enabled
GT | Search | Tikaniklik Acma | Avrupa,Search,250,Daily,Maximize Conversions,Paused,Tikaniklik Acma - Genel,,Enabled,tıkanıklık açma,Phrase,https://golgetesisat.com/?hizmet=tikaniklik-acma,Enabled
GT | Search | Tikaniklik Acma | Avrupa,Search,,Daily,Maximize Conversions,Paused,Tikaniklik Acma - Genel,,Enabled,tıkanıklık açma,Exact,https://golgetesisat.com/?hizmet=tikaniklik-acma,Enabled
GT | Search | Tikaniklik Acma | Avrupa,Search,,Daily,Maximize Conversions,Paused,Tikaniklik Acma - Genel,,Enabled,tıkanıklık açma istanbul,Phrase,https://golgetesisat.com/?hizmet=tikaniklik-acma,Enabled
GT | Search | Tikaniklik Acma | Avrupa,Search,,Daily,Maximize Conversions,Paused,Tikaniklik Acma - Genel,,Enabled,tıkanıklık açma istanbul,Exact,https://golgetesisat.com/?hizmet=tikaniklik-acma,Enabled
GT | Search | Tikaniklik Acma | Avrupa,Search,,Daily,Maximize Conversions,Paused,Tikaniklik Acma - Genel,,Enabled,gider açma,Phrase,https://golgetesisat.com/?hizmet=tikaniklik-acma,Enabled
GT | Search | Tikaniklik Acma | Avrupa,Search,,Daily,Maximize Conversions,Paused,Tikaniklik Acma - Genel,,Enabled,gider açma,Exact,https://golgetesisat.com/?hizmet=tikaniklik-acma,Enabled
GT | Search | Tikaniklik Acma | Avrupa,Search,,Daily,Maximize Conversions,Paused,Tikaniklik Acma - Genel,,Enabled,tıkanıklık açan firma,Phrase,https://golgetesisat.com/?hizmet=tikaniklik-acma,Enabled
GT | Search | Tikaniklik Acma | Avrupa,Search,,Daily,Maximize Conversions,Paused,Tikaniklik Acma - Genel,,Enabled,tıkanıklık açan firma,Exact,https://golgetesisat.com/?hizmet=tikaniklik-acma,Enabled
GT | Search | Tikaniklik Acma | Avrupa,Search,,Daily,Maximize Conversions,Paused,Tikaniklik Acma - Genel,,Enabled,kanal açma,Phrase,https://golgetesisat.com/?hizmet=tikaniklik-acma,Enabled
GT | Search | Tikaniklik Acma | Avrupa,Search,,Daily,Maximize Conversions,Paused,Tikaniklik Acma - Genel,,Enabled,kanal açma,Exact,https://golgetesisat.com/?hizmet=tikaniklik-acma,Enabled
GT | Search | Tikaniklik Acma | Avrupa,Search,,Daily,Maximize Conversions,Paused,Lavabo Tikanikligi,,Enabled,lavabo tıkanıklığı açma,Phrase,https://golgetesisat.com/?hizmet=tikaniklik-acma,Enabled
GT | Search | Tikaniklik Acma | Avrupa,Search,,Daily,Maximize Conversions,Paused,Lavabo Tikanikligi,,Enabled,lavabo tıkanıklığı açma,Exact,https://golgetesisat.com/?hizmet=tikaniklik-acma,Enabled
GT | Search | Tikaniklik Acma | Avrupa,Search,,Daily,Maximize Conversions,Paused,Lavabo Tikanikligi,,Enabled,lavabo açma,Phrase,https://golgetesisat.com/?hizmet=tikaniklik-acma,Enabled
GT | Search | Tikaniklik Acma | Avrupa,Search,,Daily,Maximize Conversions,Paused,Lavabo Tikanikligi,,Enabled,lavabo açma,Exact,https://golgetesisat.com/?hizmet=tikaniklik-acma,Enabled
GT | Search | Tikaniklik Acma | Avrupa,Search,,Daily,Maximize Conversions,Paused,Lavabo Tikanikligi,,Enabled,mutfak lavabo tıkanıklığı,Phrase,https://golgetesisat.com/?hizmet=tikaniklik-acma,Enabled
GT | Search | Tikaniklik Acma | Avrupa,Search,,Daily,Maximize Conversions,Paused,Lavabo Tikanikligi,,Enabled,mutfak lavabo tıkanıklığı,Exact,https://golgetesisat.com/?hizmet=tikaniklik-acma,Enabled
GT | Search | Tikaniklik Acma | Avrupa,Search,,Daily,Maximize Conversions,Paused,Lavabo Tikanikligi,,Enabled,mutfak gideri açma,Phrase,https://golgetesisat.com/?hizmet=tikaniklik-acma,Enabled
GT | Search | Tikaniklik Acma | Avrupa,Search,,Daily,Maximize Conversions,Paused,Lavabo Tikanikligi,,Enabled,mutfak gideri açma,Exact,https://golgetesisat.com/?hizmet=tikaniklik-acma,Enabled
GT | Search | Tikaniklik Acma | Avrupa,Search,,Daily,Maximize Conversions,Paused,Lavabo Tikanikligi,,Enabled,banyo gideri tıkanıklığı,Phrase,https://golgetesisat.com/?hizmet=tikaniklik-acma,Enabled
GT | Search | Tikaniklik Acma | Avrupa,Search,,Daily,Maximize Conversions,Paused,Lavabo Tikanikligi,,Enabled,banyo gideri tıkanıklığı,Exact,https://golgetesisat.com/?hizmet=tikaniklik-acma,Enabled
GT | Search | Tikaniklik Acma | Avrupa,Search,,Daily,Maximize Conversions,Paused,Tuvalet Tikanikligi,,Enabled,tuvalet tıkanıklığı açma,Phrase,https://golgetesisat.com/?hizmet=tikaniklik-acma,Enabled
GT | Search | Tikaniklik Acma | Avrupa,Search,,Daily,Maximize Conversions,Paused,Tuvalet Tikanikligi,,Enabled,tuvalet tıkanıklığı açma,Exact,https://golgetesisat.com/?hizmet=tikaniklik-acma,Enabled
GT | Search | Tikaniklik Acma | Avrupa,Search,,Daily,Maximize Conversions,Paused,Tuvalet Tikanikligi,,Enabled,klozet tıkanıklığı açma,Phrase,https://golgetesisat.com/?hizmet=tikaniklik-acma,Enabled
GT | Search | Tikaniklik Acma | Avrupa,Search,,Daily,Maximize Conversions,Paused,Tuvalet Tikanikligi,,Enabled,klozet tıkanıklığı açma,Exact,https://golgetesisat.com/?hizmet=tikaniklik-acma,Enabled
GT | Search | Tikaniklik Acma | Avrupa,Search,,Daily,Maximize Conversions,Paused,Tuvalet Tikanikligi,,Enabled,wc tıkanıklığı açma,Phrase,https://golgetesisat.com/?hizmet=tikaniklik-acma,Enabled
GT | Search | Tikaniklik Acma | Avrupa,Search,,Daily,Maximize Conversions,Paused,Tuvalet Tikanikligi,,Enabled,wc tıkanıklığı açma,Exact,https://golgetesisat.com/?hizmet=tikaniklik-acma,Enabled
GT | Search | Tikaniklik Acma | Avrupa,Search,,Daily,Maximize Conversions,Paused,Tuvalet Tikanikligi,,Enabled,tuvalet açma servisi,Phrase,https://golgetesisat.com/?hizmet=tikaniklik-acma,Enabled
GT | Search | Tikaniklik Acma | Avrupa,Search,,Daily,Maximize Conversions,Paused,Tuvalet Tikanikligi,,Enabled,tuvalet açma servisi,Exact,https://golgetesisat.com/?hizmet=tikaniklik-acma,Enabled
GT | Search | Tikaniklik Acma | Avrupa,Search,,Daily,Maximize Conversions,Paused,Acil Tikaniklik,,Enabled,acil tıkanıklık açma,Phrase,https://golgetesisat.com/?hizmet=tikaniklik-acma,Enabled
GT | Search | Tikaniklik Acma | Avrupa,Search,,Daily,Maximize Conversions,Paused,Acil Tikaniklik,,Enabled,acil tıkanıklık açma,Exact,https://golgetesisat.com/?hizmet=tikaniklik-acma,Enabled
GT | Search | Tikaniklik Acma | Avrupa,Search,,Daily,Maximize Conversions,Paused,Acil Tikaniklik,,Enabled,7/24 tıkanıklık açma,Phrase,https://golgetesisat.com/?hizmet=tikaniklik-acma,Enabled
GT | Search | Tikaniklik Acma | Avrupa,Search,,Daily,Maximize Conversions,Paused,Acil Tikaniklik,,Enabled,7/24 tıkanıklık açma,Exact,https://golgetesisat.com/?hizmet=tikaniklik-acma,Enabled
GT | Search | Tikaniklik Acma | Avrupa,Search,,Daily,Maximize Conversions,Paused,Acil Tikaniklik,,Enabled,gece tıkanıklık açma,Phrase,https://golgetesisat.com/?hizmet=tikaniklik-acma,Enabled
GT | Search | Tikaniklik Acma | Avrupa,Search,,Daily,Maximize Conversions,Paused,Acil Tikaniklik,,Enabled,gece tıkanıklık açma,Exact,https://golgetesisat.com/?hizmet=tikaniklik-acma,Enabled
GT | Search | Tikaniklik Acma | Anadolu,Search,250,Daily,Maximize Conversions,Paused,Tikaniklik Acma - Genel,,Enabled,tıkanıklık açma,Phrase,https://golgetesisat.com/?hizmet=tikaniklik-acma,Enabled
GT | Search | Tikaniklik Acma | Anadolu,Search,,Daily,Maximize Conversions,Paused,Tikaniklik Acma - Genel,,Enabled,tıkanıklık açma,Exact,https://golgetesisat.com/?hizmet=tikaniklik-acma,Enabled
GT | Search | Tikaniklik Acma | Anadolu,Search,,Daily,Maximize Conversions,Paused,Tikaniklik Acma - Genel,,Enabled,tıkanıklık açma istanbul,Phrase,https://golgetesisat.com/?hizmet=tikaniklik-acma,Enabled
GT | Search | Tikaniklik Acma | Anadolu,Search,,Daily,Maximize Conversions,Paused,Tikaniklik Acma - Genel,,Enabled,tıkanıklık açma istanbul,Exact,https://golgetesisat.com/?hizmet=tikaniklik-acma,Enabled
GT | Search | Tikaniklik Acma | Anadolu,Search,,Daily,Maximize Conversions,Paused,Tikaniklik Acma - Genel,,Enabled,gider açma,Phrase,https://golgetesisat.com/?hizmet=tikaniklik-acma,Enabled
GT | Search | Tikaniklik Acma | Anadolu,Search,,Daily,Maximize Conversions,Paused,Tikaniklik Acma - Genel,,Enabled,gider açma,Exact,https://golgetesisat.com/?hizmet=tikaniklik-acma,Enabled
GT | Search | Tikaniklik Acma | Anadolu,Search,,Daily,Maximize Conversions,Paused,Tikaniklik Acma - Genel,,Enabled,tıkanıklık açan firma,Phrase,https://golgetesisat.com/?hizmet=tikaniklik-acma,Enabled
GT | Search | Tikaniklik Acma | Anadolu,Search,,Daily,Maximize Conversions,Paused,Tikaniklik Acma - Genel,,Enabled,tıkanıklık açan firma,Exact,https://golgetesisat.com/?hizmet=tikaniklik-acma,Enabled
GT | Search | Tikaniklik Acma | Anadolu,Search,,Daily,Maximize Conversions,Paused,Tikaniklik Acma - Genel,,Enabled,kanal açma,Phrase,https://golgetesisat.com/?hizmet=tikaniklik-acma,Enabled
GT | Search | Tikaniklik Acma | Anadolu,Search,,Daily,Maximize Conversions,Paused,Tikaniklik Acma - Genel,,Enabled,kanal açma,Exact,https://golgetesisat.com/?hizmet=tikaniklik-acma,Enabled
GT | Search | Tikaniklik Acma | Anadolu,Search,,Daily,Maximize Conversions,Paused,Lavabo Tikanikligi,,Enabled,lavabo tıkanıklığı açma,Phrase,https://golgetesisat.com/?hizmet=tikaniklik-acma,Enabled
GT | Search | Tikaniklik Acma | Anadolu,Search,,Daily,Maximize Conversions,Paused,Lavabo Tikanikligi,,Enabled,lavabo tıkanıklığı açma,Exact,https://golgetesisat.com/?hizmet=tikaniklik-acma,Enabled
GT | Search | Tikaniklik Acma | Anadolu,Search,,Daily,Maximize Conversions,Paused,Lavabo Tikanikligi,,Enabled,lavabo açma,Phrase,https://golgetesisat.com/?hizmet=tikaniklik-acma,Enabled
GT | Search | Tikaniklik Acma | Anadolu,Search,,Daily,Maximize Conversions,Paused,Lavabo Tikanikligi,,Enabled,lavabo açma,Exact,https://golgetesisat.com/?hizmet=tikaniklik-acma,Enabled
GT | Search | Tikaniklik Acma | Anadolu,Search,,Daily,Maximize Conversions,Paused,Lavabo Tikanikligi,,Enabled,mutfak lavabo tıkanıklığı,Phrase,https://golgetesisat.com/?hizmet=tikaniklik-acma,Enabled
GT | Search | Tikaniklik Acma | Anadolu,Search,,Daily,Maximize Conversions,Paused,Lavabo Tikanikligi,,Enabled,mutfak lavabo tıkanıklığı,Exact,https://golgetesisat.com/?hizmet=tikaniklik-acma,Enabled
GT | Search | Tikaniklik Acma | Anadolu,Search,,Daily,Maximize Conversions,Paused,Lavabo Tikanikligi,,Enabled,mutfak gideri açma,Phrase,https://golgetesisat.com/?hizmet=tikaniklik-acma,Enabled
GT | Search | Tikaniklik Acma | Anadolu,Search,,Daily,Maximize Conversions,Paused,Lavabo Tikanikligi,,Enabled,mutfak gideri açma,Exact,https://golgetesisat.com/?hizmet=tikaniklik-acma,Enabled
GT | Search | Tikaniklik Acma | Anadolu,Search,,Daily,Maximize Conversions,Paused,Lavabo Tikanikligi,,Enabled,banyo gideri tıkanıklığı,Phrase,https://golgetesisat.com/?hizmet=tikaniklik-acma,Enabled
GT | Search | Tikaniklik Acma | Anadolu,Search,,Daily,Maximize Conversions,Paused,Lavabo Tikanikligi,,Enabled,banyo gideri tıkanıklığı,Exact,https://golgetesisat.com/?hizmet=tikaniklik-acma,Enabled
GT | Search | Tikaniklik Acma | Anadolu,Search,,Daily,Maximize Conversions,Paused,Tuvalet Tikanikligi,,Enabled,tuvalet tıkanıklığı açma,Phrase,https://golgetesisat.com/?hizmet=tikaniklik-acma,Enabled
GT | Search | Tikaniklik Acma | Anadolu,Search,,Daily,Maximize Conversions,Paused,Tuvalet Tikanikligi,,Enabled,tuvalet tıkanıklığı açma,Exact,https://golgetesisat.com/?hizmet=tikaniklik-acma,Enabled
GT | Search | Tikaniklik Acma | Anadolu,Search,,Daily,Maximize Conversions,Paused,Tuvalet Tikanikligi,,Enabled,klozet tıkanıklığı açma,Phrase,https://golgetesisat.com/?hizmet=tikaniklik-acma,Enabled
GT | Search | Tikaniklik Acma | Anadolu,Search,,Daily,Maximize Conversions,Paused,Tuvalet Tikanikligi,,Enabled,klozet tıkanıklığı açma,Exact,https://golgetesisat.com/?hizmet=tikaniklik-acma,Enabled
GT | Search | Tikaniklik Acma | Anadolu,Search,,Daily,Maximize Conversions,Paused,Tuvalet Tikanikligi,,Enabled,wc tıkanıklığı açma,Phrase,https://golgetesisat.com/?hizmet=tikaniklik-acma,Enabled
GT | Search | Tikaniklik Acma | Anadolu,Search,,Daily,Maximize Conversions,Paused,Tuvalet Tikanikligi,,Enabled,wc tıkanıklığı açma,Exact,https://golgetesisat.com/?hizmet=tikaniklik-acma,Enabled
GT | Search | Tikaniklik Acma | Anadolu,Search,,Daily,Maximize Conversions,Paused,Tuvalet Tikanikligi,,Enabled,tuvalet açma servisi,Phrase,https://golgetesisat.com/?hizmet=tikaniklik-acma,Enabled
GT | Search | Tikaniklik Acma | Anadolu,Search,,Daily,Maximize Conversions,Paused,Tuvalet Tikanikligi,,Enabled,tuvalet açma servisi,Exact,https://golgetesisat.com/?hizmet=tikaniklik-acma,Enabled
GT | Search | Tikaniklik Acma | Anadolu,Search,,Daily,Maximize Conversions,Paused,Acil Tikaniklik,,Enabled,acil tıkanıklık açma,Phrase,https://golgetesisat.com/?hizmet=tikaniklik-acma,Enabled
GT | Search | Tikaniklik Acma | Anadolu,Search,,Daily,Maximize Conversions,Paused,Acil Tikaniklik,,Enabled,acil tıkanıklık açma,Exact,https://golgetesisat.com/?hizmet=tikaniklik-acma,Enabled
GT | Search | Tikaniklik Acma | Anadolu,Search,,Daily,Maximize Conversions,Paused,Acil Tikaniklik,,Enabled,7/24 tıkanıklık açma,Phrase,https://golgetesisat.com/?hizmet=tikaniklik-acma,Enabled
GT | Search | Tikaniklik Acma | Anadolu,Search,,Daily,Maximize Conversions,Paused,Acil Tikaniklik,,Enabled,7/24 tıkanıklık açma,Exact,https://golgetesisat.com/?hizmet=tikaniklik-acma,Enabled
GT | Search | Tikaniklik Acma | Anadolu,Search,,Daily,Maximize Conversions,Paused,Acil Tikaniklik,,Enabled,gece tıkanıklık açma,Phrase,https://golgetesisat.com/?hizmet=tikaniklik-acma,Enabled
GT | Search | Tikaniklik Acma | Anadolu,Search,,Daily,Maximize Conversions,Paused,Acil Tikaniklik,,Enabled,gece tıkanıklık açma,Exact,https://golgetesisat.com/?hizmet=tikaniklik-acma,Enabled
GT | Search | Petek Temizleme | Avrupa,Search,150,Daily,Maximize Conversions,Paused,Petek Temizleme - Genel,,Enabled,petek temizleme,Phrase,https://golgetesisat.com/?hizmet=petek-temizligi,Enabled
GT | Search | Petek Temizleme | Avrupa,Search,,Daily,Maximize Conversions,Paused,Petek Temizleme - Genel,,Enabled,petek temizleme,Exact,https://golgetesisat.com/?hizmet=petek-temizligi,Enabled
GT | Search | Petek Temizleme | Avrupa,Search,,Daily,Maximize Conversions,Paused,Petek Temizleme - Genel,,Enabled,petek temizliği,Phrase,https://golgetesisat.com/?hizmet=petek-temizligi,Enabled
GT | Search | Petek Temizleme | Avrupa,Search,,Daily,Maximize Conversions,Paused,Petek Temizleme - Genel,,Enabled,petek temizliği,Exact,https://golgetesisat.com/?hizmet=petek-temizligi,Enabled
GT | Search | Petek Temizleme | Avrupa,Search,,Daily,Maximize Conversions,Paused,Petek Temizleme - Genel,,Enabled,petek temizleme fiyatları,Phrase,https://golgetesisat.com/?hizmet=petek-temizligi,Enabled
GT | Search | Petek Temizleme | Avrupa,Search,,Daily,Maximize Conversions,Paused,Petek Temizleme - Genel,,Enabled,petek temizleme fiyatları,Exact,https://golgetesisat.com/?hizmet=petek-temizligi,Enabled
GT | Search | Petek Temizleme | Avrupa,Search,,Daily,Maximize Conversions,Paused,Petek Temizleme - Genel,,Enabled,petek temizleme firması,Phrase,https://golgetesisat.com/?hizmet=petek-temizligi,Enabled
GT | Search | Petek Temizleme | Avrupa,Search,,Daily,Maximize Conversions,Paused,Petek Temizleme - Genel,,Enabled,petek temizleme firması,Exact,https://golgetesisat.com/?hizmet=petek-temizligi,Enabled
GT | Search | Petek Temizleme | Avrupa,Search,,Daily,Maximize Conversions,Paused,Petek Temizleme - Genel,,Enabled,radyatör temizliği,Phrase,https://golgetesisat.com/?hizmet=petek-temizligi,Enabled
GT | Search | Petek Temizleme | Avrupa,Search,,Daily,Maximize Conversions,Paused,Petek Temizleme - Genel,,Enabled,radyatör temizliği,Exact,https://golgetesisat.com/?hizmet=petek-temizligi,Enabled
GT | Search | Petek Temizleme | Avrupa,Search,,Daily,Maximize Conversions,Paused,Kombi Petek Temizligi,,Enabled,kombi petek temizliği,Phrase,https://golgetesisat.com/?hizmet=petek-temizligi,Enabled
GT | Search | Petek Temizleme | Avrupa,Search,,Daily,Maximize Conversions,Paused,Kombi Petek Temizligi,,Enabled,kombi petek temizliği,Exact,https://golgetesisat.com/?hizmet=petek-temizligi,Enabled
GT | Search | Petek Temizleme | Avrupa,Search,,Daily,Maximize Conversions,Paused,Kombi Petek Temizligi,,Enabled,kalorifer peteği temizliği,Phrase,https://golgetesisat.com/?hizmet=petek-temizligi,Enabled
GT | Search | Petek Temizleme | Avrupa,Search,,Daily,Maximize Conversions,Paused,Kombi Petek Temizligi,,Enabled,kalorifer peteği temizliği,Exact,https://golgetesisat.com/?hizmet=petek-temizligi,Enabled
GT | Search | Petek Temizleme | Avrupa,Search,,Daily,Maximize Conversions,Paused,Kombi Petek Temizligi,,Enabled,kombi tesisat temizliği,Phrase,https://golgetesisat.com/?hizmet=petek-temizligi,Enabled
GT | Search | Petek Temizleme | Avrupa,Search,,Daily,Maximize Conversions,Paused,Kombi Petek Temizligi,,Enabled,kombi tesisat temizliği,Exact,https://golgetesisat.com/?hizmet=petek-temizligi,Enabled
GT | Search | Petek Temizleme | Avrupa,Search,,Daily,Maximize Conversions,Paused,Kombi Petek Temizligi,,Enabled,yerden ısıtma temizliği,Phrase,https://golgetesisat.com/?hizmet=petek-temizligi,Enabled
GT | Search | Petek Temizleme | Avrupa,Search,,Daily,Maximize Conversions,Paused,Kombi Petek Temizligi,,Enabled,yerden ısıtma temizliği,Exact,https://golgetesisat.com/?hizmet=petek-temizligi,Enabled
GT | Search | Petek Temizleme | Anadolu,Search,150,Daily,Maximize Conversions,Paused,Petek Temizleme - Genel,,Enabled,petek temizleme,Phrase,https://golgetesisat.com/?hizmet=petek-temizligi,Enabled
GT | Search | Petek Temizleme | Anadolu,Search,,Daily,Maximize Conversions,Paused,Petek Temizleme - Genel,,Enabled,petek temizleme,Exact,https://golgetesisat.com/?hizmet=petek-temizligi,Enabled
GT | Search | Petek Temizleme | Anadolu,Search,,Daily,Maximize Conversions,Paused,Petek Temizleme - Genel,,Enabled,petek temizliği,Phrase,https://golgetesisat.com/?hizmet=petek-temizligi,Enabled
GT | Search | Petek Temizleme | Anadolu,Search,,Daily,Maximize Conversions,Paused,Petek Temizleme - Genel,,Enabled,petek temizliği,Exact,https://golgetesisat.com/?hizmet=petek-temizligi,Enabled
GT | Search | Petek Temizleme | Anadolu,Search,,Daily,Maximize Conversions,Paused,Petek Temizleme - Genel,,Enabled,petek temizleme fiyatları,Phrase,https://golgetesisat.com/?hizmet=petek-temizligi,Enabled
GT | Search | Petek Temizleme | Anadolu,Search,,Daily,Maximize Conversions,Paused,Petek Temizleme - Genel,,Enabled,petek temizleme fiyatları,Exact,https://golgetesisat.com/?hizmet=petek-temizligi,Enabled
GT | Search | Petek Temizleme | Anadolu,Search,,Daily,Maximize Conversions,Paused,Petek Temizleme - Genel,,Enabled,petek temizleme firması,Phrase,https://golgetesisat.com/?hizmet=petek-temizligi,Enabled
GT | Search | Petek Temizleme | Anadolu,Search,,Daily,Maximize Conversions,Paused,Petek Temizleme - Genel,,Enabled,petek temizleme firması,Exact,https://golgetesisat.com/?hizmet=petek-temizligi,Enabled
GT | Search | Petek Temizleme | Anadolu,Search,,Daily,Maximize Conversions,Paused,Petek Temizleme - Genel,,Enabled,radyatör temizliği,Phrase,https://golgetesisat.com/?hizmet=petek-temizligi,Enabled
GT | Search | Petek Temizleme | Anadolu,Search,,Daily,Maximize Conversions,Paused,Petek Temizleme - Genel,,Enabled,radyatör temizliği,Exact,https://golgetesisat.com/?hizmet=petek-temizligi,Enabled
GT | Search | Petek Temizleme | Anadolu,Search,,Daily,Maximize Conversions,Paused,Kombi Petek Temizligi,,Enabled,kombi petek temizliği,Phrase,https://golgetesisat.com/?hizmet=petek-temizligi,Enabled
GT | Search | Petek Temizleme | Anadolu,Search,,Daily,Maximize Conversions,Paused,Kombi Petek Temizligi,,Enabled,kombi petek temizliği,Exact,https://golgetesisat.com/?hizmet=petek-temizligi,Enabled
GT | Search | Petek Temizleme | Anadolu,Search,,Daily,Maximize Conversions,Paused,Kombi Petek Temizligi,,Enabled,kalorifer peteği temizliği,Phrase,https://golgetesisat.com/?hizmet=petek-temizligi,Enabled
GT | Search | Petek Temizleme | Anadolu,Search,,Daily,Maximize Conversions,Paused,Kombi Petek Temizligi,,Enabled,kalorifer peteği temizliği,Exact,https://golgetesisat.com/?hizmet=petek-temizligi,Enabled
GT | Search | Petek Temizleme | Anadolu,Search,,Daily,Maximize Conversions,Paused,Kombi Petek Temizligi,,Enabled,kombi tesisat temizliği,Phrase,https://golgetesisat.com/?hizmet=petek-temizligi,Enabled
GT | Search | Petek Temizleme | Anadolu,Search,,Daily,Maximize Conversions,Paused,Kombi Petek Temizligi,,Enabled,kombi tesisat temizliği,Exact,https://golgetesisat.com/?hizmet=petek-temizligi,Enabled
GT | Search | Petek Temizleme | Anadolu,Search,,Daily,Maximize Conversions,Paused,Kombi Petek Temizligi,,Enabled,yerden ısıtma temizliği,Phrase,https://golgetesisat.com/?hizmet=petek-temizligi,Enabled
GT | Search | Petek Temizleme | Anadolu,Search,,Daily,Maximize Conversions,Paused,Kombi Petek Temizligi,,Enabled,yerden ısıtma temizliği,Exact,https://golgetesisat.com/?hizmet=petek-temizligi,Enabled
GT | Search | Boru ve Tesisat Tamiri | Avrupa,Search,200,Daily,Maximize Conversions,Paused,Boru Tamiri,,Enabled,su borusu tamiri,Phrase,https://golgetesisat.com/?hizmet=acil-tesisatci,Enabled
GT | Search | Boru ve Tesisat Tamiri | Avrupa,Search,,Daily,Maximize Conversions,Paused,Boru Tamiri,,Enabled,su borusu tamiri,Exact,https://golgetesisat.com/?hizmet=acil-tesisatci,Enabled
GT | Search | Boru ve Tesisat Tamiri | Avrupa,Search,,Daily,Maximize Conversions,Paused,Boru Tamiri,,Enabled,patlak boru tamiri,Phrase,https://golgetesisat.com/?hizmet=acil-tesisatci,Enabled
GT | Search | Boru ve Tesisat Tamiri | Avrupa,Search,,Daily,Maximize Conversions,Paused,Boru Tamiri,,Enabled,patlak boru tamiri,Exact,https://golgetesisat.com/?hizmet=acil-tesisatci,Enabled
GT | Search | Boru ve Tesisat Tamiri | Avrupa,Search,,Daily,Maximize Conversions,Paused,Boru Tamiri,,Enabled,boru patlaması tamiri,Phrase,https://golgetesisat.com/?hizmet=acil-tesisatci,Enabled
GT | Search | Boru ve Tesisat Tamiri | Avrupa,Search,,Daily,Maximize Conversions,Paused,Boru Tamiri,,Enabled,boru patlaması tamiri,Exact,https://golgetesisat.com/?hizmet=acil-tesisatci,Enabled
GT | Search | Boru ve Tesisat Tamiri | Avrupa,Search,,Daily,Maximize Conversions,Paused,Boru Tamiri,,Enabled,su borusu değişimi,Phrase,https://golgetesisat.com/?hizmet=acil-tesisatci,Enabled
GT | Search | Boru ve Tesisat Tamiri | Avrupa,Search,,Daily,Maximize Conversions,Paused,Boru Tamiri,,Enabled,su borusu değişimi,Exact,https://golgetesisat.com/?hizmet=acil-tesisatci,Enabled
GT | Search | Boru ve Tesisat Tamiri | Avrupa,Search,,Daily,Maximize Conversions,Paused,Boru Tamiri,,Enabled,pissu borusu tamiri,Phrase,https://golgetesisat.com/?hizmet=acil-tesisatci,Enabled
GT | Search | Boru ve Tesisat Tamiri | Avrupa,Search,,Daily,Maximize Conversions,Paused,Boru Tamiri,,Enabled,pissu borusu tamiri,Exact,https://golgetesisat.com/?hizmet=acil-tesisatci,Enabled
GT | Search | Boru ve Tesisat Tamiri | Avrupa,Search,,Daily,Maximize Conversions,Paused,Tesisat Tamiri,,Enabled,tesisat tamiri,Phrase,https://golgetesisat.com/?hizmet=acil-tesisatci,Enabled
GT | Search | Boru ve Tesisat Tamiri | Avrupa,Search,,Daily,Maximize Conversions,Paused,Tesisat Tamiri,,Enabled,tesisat tamiri,Exact,https://golgetesisat.com/?hizmet=acil-tesisatci,Enabled
GT | Search | Boru ve Tesisat Tamiri | Avrupa,Search,,Daily,Maximize Conversions,Paused,Tesisat Tamiri,,Enabled,sıhhi tesisat tamiri,Phrase,https://golgetesisat.com/?hizmet=acil-tesisatci,Enabled
GT | Search | Boru ve Tesisat Tamiri | Avrupa,Search,,Daily,Maximize Conversions,Paused,Tesisat Tamiri,,Enabled,sıhhi tesisat tamiri,Exact,https://golgetesisat.com/?hizmet=acil-tesisatci,Enabled
GT | Search | Boru ve Tesisat Tamiri | Avrupa,Search,,Daily,Maximize Conversions,Paused,Tesisat Tamiri,,Enabled,su tesisatı tamiri,Phrase,https://golgetesisat.com/?hizmet=acil-tesisatci,Enabled
GT | Search | Boru ve Tesisat Tamiri | Avrupa,Search,,Daily,Maximize Conversions,Paused,Tesisat Tamiri,,Enabled,su tesisatı tamiri,Exact,https://golgetesisat.com/?hizmet=acil-tesisatci,Enabled
GT | Search | Boru ve Tesisat Tamiri | Avrupa,Search,,Daily,Maximize Conversions,Paused,Tesisat Tamiri,,Enabled,tesisat yenileme,Phrase,https://golgetesisat.com/?hizmet=acil-tesisatci,Enabled
GT | Search | Boru ve Tesisat Tamiri | Avrupa,Search,,Daily,Maximize Conversions,Paused,Tesisat Tamiri,,Enabled,tesisat yenileme,Exact,https://golgetesisat.com/?hizmet=acil-tesisatci,Enabled
GT | Search | Boru ve Tesisat Tamiri | Avrupa,Search,,Daily,Maximize Conversions,Paused,Tesisat Tamiri,,Enabled,banyo tesisat tamiri,Phrase,https://golgetesisat.com/?hizmet=acil-tesisatci,Enabled
GT | Search | Boru ve Tesisat Tamiri | Avrupa,Search,,Daily,Maximize Conversions,Paused,Tesisat Tamiri,,Enabled,banyo tesisat tamiri,Exact,https://golgetesisat.com/?hizmet=acil-tesisatci,Enabled
GT | Search | Boru ve Tesisat Tamiri | Avrupa,Search,,Daily,Maximize Conversions,Paused,Musluk Batarya,,Enabled,musluk tamiri,Phrase,https://golgetesisat.com/?hizmet=acil-tesisatci,Enabled
GT | Search | Boru ve Tesisat Tamiri | Avrupa,Search,,Daily,Maximize Conversions,Paused,Musluk Batarya,,Enabled,musluk tamiri,Exact,https://golgetesisat.com/?hizmet=acil-tesisatci,Enabled
GT | Search | Boru ve Tesisat Tamiri | Avrupa,Search,,Daily,Maximize Conversions,Paused,Musluk Batarya,,Enabled,batarya değişimi,Phrase,https://golgetesisat.com/?hizmet=acil-tesisatci,Enabled
GT | Search | Boru ve Tesisat Tamiri | Avrupa,Search,,Daily,Maximize Conversions,Paused,Musluk Batarya,,Enabled,batarya değişimi,Exact,https://golgetesisat.com/?hizmet=acil-tesisatci,Enabled
GT | Search | Boru ve Tesisat Tamiri | Avrupa,Search,,Daily,Maximize Conversions,Paused,Musluk Batarya,,Enabled,damlatan musluk tamiri,Phrase,https://golgetesisat.com/?hizmet=acil-tesisatci,Enabled
GT | Search | Boru ve Tesisat Tamiri | Avrupa,Search,,Daily,Maximize Conversions,Paused,Musluk Batarya,,Enabled,damlatan musluk tamiri,Exact,https://golgetesisat.com/?hizmet=acil-tesisatci,Enabled
GT | Search | Boru ve Tesisat Tamiri | Avrupa,Search,,Daily,Maximize Conversions,Paused,Musluk Batarya,,Enabled,rezervuar tamiri,Phrase,https://golgetesisat.com/?hizmet=acil-tesisatci,Enabled
GT | Search | Boru ve Tesisat Tamiri | Avrupa,Search,,Daily,Maximize Conversions,Paused,Musluk Batarya,,Enabled,rezervuar tamiri,Exact,https://golgetesisat.com/?hizmet=acil-tesisatci,Enabled
GT | Search | Boru ve Tesisat Tamiri | Anadolu,Search,200,Daily,Maximize Conversions,Paused,Boru Tamiri,,Enabled,su borusu tamiri,Phrase,https://golgetesisat.com/?hizmet=acil-tesisatci,Enabled
GT | Search | Boru ve Tesisat Tamiri | Anadolu,Search,,Daily,Maximize Conversions,Paused,Boru Tamiri,,Enabled,su borusu tamiri,Exact,https://golgetesisat.com/?hizmet=acil-tesisatci,Enabled
GT | Search | Boru ve Tesisat Tamiri | Anadolu,Search,,Daily,Maximize Conversions,Paused,Boru Tamiri,,Enabled,patlak boru tamiri,Phrase,https://golgetesisat.com/?hizmet=acil-tesisatci,Enabled
GT | Search | Boru ve Tesisat Tamiri | Anadolu,Search,,Daily,Maximize Conversions,Paused,Boru Tamiri,,Enabled,patlak boru tamiri,Exact,https://golgetesisat.com/?hizmet=acil-tesisatci,Enabled
GT | Search | Boru ve Tesisat Tamiri | Anadolu,Search,,Daily,Maximize Conversions,Paused,Boru Tamiri,,Enabled,boru patlaması tamiri,Phrase,https://golgetesisat.com/?hizmet=acil-tesisatci,Enabled
GT | Search | Boru ve Tesisat Tamiri | Anadolu,Search,,Daily,Maximize Conversions,Paused,Boru Tamiri,,Enabled,boru patlaması tamiri,Exact,https://golgetesisat.com/?hizmet=acil-tesisatci,Enabled
GT | Search | Boru ve Tesisat Tamiri | Anadolu,Search,,Daily,Maximize Conversions,Paused,Boru Tamiri,,Enabled,su borusu değişimi,Phrase,https://golgetesisat.com/?hizmet=acil-tesisatci,Enabled
GT | Search | Boru ve Tesisat Tamiri | Anadolu,Search,,Daily,Maximize Conversions,Paused,Boru Tamiri,,Enabled,su borusu değişimi,Exact,https://golgetesisat.com/?hizmet=acil-tesisatci,Enabled
GT | Search | Boru ve Tesisat Tamiri | Anadolu,Search,,Daily,Maximize Conversions,Paused,Boru Tamiri,,Enabled,pissu borusu tamiri,Phrase,https://golgetesisat.com/?hizmet=acil-tesisatci,Enabled
GT | Search | Boru ve Tesisat Tamiri | Anadolu,Search,,Daily,Maximize Conversions,Paused,Boru Tamiri,,Enabled,pissu borusu tamiri,Exact,https://golgetesisat.com/?hizmet=acil-tesisatci,Enabled
GT | Search | Boru ve Tesisat Tamiri | Anadolu,Search,,Daily,Maximize Conversions,Paused,Tesisat Tamiri,,Enabled,tesisat tamiri,Phrase,https://golgetesisat.com/?hizmet=acil-tesisatci,Enabled
GT | Search | Boru ve Tesisat Tamiri | Anadolu,Search,,Daily,Maximize Conversions,Paused,Tesisat Tamiri,,Enabled,tesisat tamiri,Exact,https://golgetesisat.com/?hizmet=acil-tesisatci,Enabled
GT | Search | Boru ve Tesisat Tamiri | Anadolu,Search,,Daily,Maximize Conversions,Paused,Tesisat Tamiri,,Enabled,sıhhi tesisat tamiri,Phrase,https://golgetesisat.com/?hizmet=acil-tesisatci,Enabled
GT | Search | Boru ve Tesisat Tamiri | Anadolu,Search,,Daily,Maximize Conversions,Paused,Tesisat Tamiri,,Enabled,sıhhi tesisat tamiri,Exact,https://golgetesisat.com/?hizmet=acil-tesisatci,Enabled
GT | Search | Boru ve Tesisat Tamiri | Anadolu,Search,,Daily,Maximize Conversions,Paused,Tesisat Tamiri,,Enabled,su tesisatı tamiri,Phrase,https://golgetesisat.com/?hizmet=acil-tesisatci,Enabled
GT | Search | Boru ve Tesisat Tamiri | Anadolu,Search,,Daily,Maximize Conversions,Paused,Tesisat Tamiri,,Enabled,su tesisatı tamiri,Exact,https://golgetesisat.com/?hizmet=acil-tesisatci,Enabled
GT | Search | Boru ve Tesisat Tamiri | Anadolu,Search,,Daily,Maximize Conversions,Paused,Tesisat Tamiri,,Enabled,tesisat yenileme,Phrase,https://golgetesisat.com/?hizmet=acil-tesisatci,Enabled
GT | Search | Boru ve Tesisat Tamiri | Anadolu,Search,,Daily,Maximize Conversions,Paused,Tesisat Tamiri,,Enabled,tesisat yenileme,Exact,https://golgetesisat.com/?hizmet=acil-tesisatci,Enabled
GT | Search | Boru ve Tesisat Tamiri | Anadolu,Search,,Daily,Maximize Conversions,Paused,Tesisat Tamiri,,Enabled,banyo tesisat tamiri,Phrase,https://golgetesisat.com/?hizmet=acil-tesisatci,Enabled
GT | Search | Boru ve Tesisat Tamiri | Anadolu,Search,,Daily,Maximize Conversions,Paused,Tesisat Tamiri,,Enabled,banyo tesisat tamiri,Exact,https://golgetesisat.com/?hizmet=acil-tesisatci,Enabled
GT | Search | Boru ve Tesisat Tamiri | Anadolu,Search,,Daily,Maximize Conversions,Paused,Musluk Batarya,,Enabled,musluk tamiri,Phrase,https://golgetesisat.com/?hizmet=acil-tesisatci,Enabled
GT | Search | Boru ve Tesisat Tamiri | Anadolu,Search,,Daily,Maximize Conversions,Paused,Musluk Batarya,,Enabled,musluk tamiri,Exact,https://golgetesisat.com/?hizmet=acil-tesisatci,Enabled
GT | Search | Boru ve Tesisat Tamiri | Anadolu,Search,,Daily,Maximize Conversions,Paused,Musluk Batarya,,Enabled,batarya değişimi,Phrase,https://golgetesisat.com/?hizmet=acil-tesisatci,Enabled
GT | Search | Boru ve Tesisat Tamiri | Anadolu,Search,,Daily,Maximize Conversions,Paused,Musluk Batarya,,Enabled,batarya değişimi,Exact,https://golgetesisat.com/?hizmet=acil-tesisatci,Enabled
GT | Search | Boru ve Tesisat Tamiri | Anadolu,Search,,Daily,Maximize Conversions,Paused,Musluk Batarya,,Enabled,damlatan musluk tamiri,Phrase,https://golgetesisat.com/?hizmet=acil-tesisatci,Enabled
GT | Search | Boru ve Tesisat Tamiri | Anadolu,Search,,Daily,Maximize Conversions,Paused,Musluk Batarya,,Enabled,damlatan musluk tamiri,Exact,https://golgetesisat.com/?hizmet=acil-tesisatci,Enabled
GT | Search | Boru ve Tesisat Tamiri | Anadolu,Search,,Daily,Maximize Conversions,Paused,Musluk Batarya,,Enabled,rezervuar tamiri,Phrase,https://golgetesisat.com/?hizmet=acil-tesisatci,Enabled
GT | Search | Boru ve Tesisat Tamiri | Anadolu,Search,,Daily,Maximize Conversions,Paused,Musluk Batarya,,Enabled,rezervuar tamiri,Exact,https://golgetesisat.com/?hizmet=acil-tesisatci,Enabled
GT | Search | Kamera ile Gider Kontrolu | Avrupa,Search,125,Daily,Maximize Conversions,Paused,Kamera ile Kanal Goruntuleme,,Enabled,kamera ile kanal görüntüleme,Phrase,https://golgetesisat.com/?hizmet=kanal-goruntuleme,Enabled
GT | Search | Kamera ile Gider Kontrolu | Avrupa,Search,,Daily,Maximize Conversions,Paused,Kamera ile Kanal Goruntuleme,,Enabled,kamera ile kanal görüntüleme,Exact,https://golgetesisat.com/?hizmet=kanal-goruntuleme,Enabled
GT | Search | Kamera ile Gider Kontrolu | Avrupa,Search,,Daily,Maximize Conversions,Paused,Kamera ile Kanal Goruntuleme,,Enabled,robot kamera ile gider kontrolü,Phrase,https://golgetesisat.com/?hizmet=kanal-goruntuleme,Enabled
GT | Search | Kamera ile Gider Kontrolu | Avrupa,Search,,Daily,Maximize Conversions,Paused,Kamera ile Kanal Goruntuleme,,Enabled,robot kamera ile gider kontrolü,Exact,https://golgetesisat.com/?hizmet=kanal-goruntuleme,Enabled
GT | Search | Kamera ile Gider Kontrolu | Avrupa,Search,,Daily,Maximize Conversions,Paused,Kamera ile Kanal Goruntuleme,,Enabled,kanal kamerası ile görüntüleme,Phrase,https://golgetesisat.com/?hizmet=kanal-goruntuleme,Enabled
GT | Search | Kamera ile Gider Kontrolu | Avrupa,Search,,Daily,Maximize Conversions,Paused,Kamera ile Kanal Goruntuleme,,Enabled,kanal kamerası ile görüntüleme,Exact,https://golgetesisat.com/?hizmet=kanal-goruntuleme,Enabled
GT | Search | Kamera ile Gider Kontrolu | Avrupa,Search,,Daily,Maximize Conversions,Paused,Kamera ile Kanal Goruntuleme,,Enabled,boru içi kamera,Phrase,https://golgetesisat.com/?hizmet=kanal-goruntuleme,Enabled
GT | Search | Kamera ile Gider Kontrolu | Avrupa,Search,,Daily,Maximize Conversions,Paused,Kamera ile Kanal Goruntuleme,,Enabled,boru içi kamera,Exact,https://golgetesisat.com/?hizmet=kanal-goruntuleme,Enabled
GT | Search | Kamera ile Gider Kontrolu | Avrupa,Search,,Daily,Maximize Conversions,Paused,Kamera ile Tikaniklik Tespiti,,Enabled,kamera ile tıkanıklık tespiti,Phrase,https://golgetesisat.com/?hizmet=kanal-goruntuleme,Enabled
GT | Search | Kamera ile Gider Kontrolu | Avrupa,Search,,Daily,Maximize Conversions,Paused,Kamera ile Tikaniklik Tespiti,,Enabled,kamera ile tıkanıklık tespiti,Exact,https://golgetesisat.com/?hizmet=kanal-goruntuleme,Enabled
GT | Search | Kamera ile Gider Kontrolu | Avrupa,Search,,Daily,Maximize Conversions,Paused,Kamera ile Tikaniklik Tespiti,,Enabled,gider kamera kontrolü,Phrase,https://golgetesisat.com/?hizmet=kanal-goruntuleme,Enabled
GT | Search | Kamera ile Gider Kontrolu | Avrupa,Search,,Daily,Maximize Conversions,Paused,Kamera ile Tikaniklik Tespiti,,Enabled,gider kamera kontrolü,Exact,https://golgetesisat.com/?hizmet=kanal-goruntuleme,Enabled
GT | Search | Kamera ile Gider Kontrolu | Avrupa,Search,,Daily,Maximize Conversions,Paused,Kamera ile Tikaniklik Tespiti,,Enabled,pissu hattı kamera kontrolü,Phrase,https://golgetesisat.com/?hizmet=kanal-goruntuleme,Enabled
GT | Search | Kamera ile Gider Kontrolu | Avrupa,Search,,Daily,Maximize Conversions,Paused,Kamera ile Tikaniklik Tespiti,,Enabled,pissu hattı kamera kontrolü,Exact,https://golgetesisat.com/?hizmet=kanal-goruntuleme,Enabled
GT | Search | Kamera ile Gider Kontrolu | Avrupa,Search,,Daily,Maximize Conversions,Paused,Kamera ile Tikaniklik Tespiti,,Enabled,boru kamera görüntüleme fiyat,Phrase,https://golgetesisat.com/?hizmet=kanal-goruntuleme,Enabled
GT | Search | Kamera ile Gider Kontrolu | Avrupa,Search,,Daily,Maximize Conversions,Paused,Kamera ile Tikaniklik Tespiti,,Enabled,boru kamera görüntüleme fiyat,Exact,https://golgetesisat.com/?hizmet=kanal-goruntuleme,Enabled
GT | Search | Kamera ile Gider Kontrolu | Anadolu,Search,125,Daily,Maximize Conversions,Paused,Kamera ile Kanal Goruntuleme,,Enabled,kamera ile kanal görüntüleme,Phrase,https://golgetesisat.com/?hizmet=kanal-goruntuleme,Enabled
GT | Search | Kamera ile Gider Kontrolu | Anadolu,Search,,Daily,Maximize Conversions,Paused,Kamera ile Kanal Goruntuleme,,Enabled,kamera ile kanal görüntüleme,Exact,https://golgetesisat.com/?hizmet=kanal-goruntuleme,Enabled
GT | Search | Kamera ile Gider Kontrolu | Anadolu,Search,,Daily,Maximize Conversions,Paused,Kamera ile Kanal Goruntuleme,,Enabled,robot kamera ile gider kontrolü,Phrase,https://golgetesisat.com/?hizmet=kanal-goruntuleme,Enabled
GT | Search | Kamera ile Gider Kontrolu | Anadolu,Search,,Daily,Maximize Conversions,Paused,Kamera ile Kanal Goruntuleme,,Enabled,robot kamera ile gider kontrolü,Exact,https://golgetesisat.com/?hizmet=kanal-goruntuleme,Enabled
GT | Search | Kamera ile Gider Kontrolu | Anadolu,Search,,Daily,Maximize Conversions,Paused,Kamera ile Kanal Goruntuleme,,Enabled,kanal kamerası ile görüntüleme,Phrase,https://golgetesisat.com/?hizmet=kanal-goruntuleme,Enabled
GT | Search | Kamera ile Gider Kontrolu | Anadolu,Search,,Daily,Maximize Conversions,Paused,Kamera ile Kanal Goruntuleme,,Enabled,kanal kamerası ile görüntüleme,Exact,https://golgetesisat.com/?hizmet=kanal-goruntuleme,Enabled
GT | Search | Kamera ile Gider Kontrolu | Anadolu,Search,,Daily,Maximize Conversions,Paused,Kamera ile Kanal Goruntuleme,,Enabled,boru içi kamera,Phrase,https://golgetesisat.com/?hizmet=kanal-goruntuleme,Enabled
GT | Search | Kamera ile Gider Kontrolu | Anadolu,Search,,Daily,Maximize Conversions,Paused,Kamera ile Kanal Goruntuleme,,Enabled,boru içi kamera,Exact,https://golgetesisat.com/?hizmet=kanal-goruntuleme,Enabled
GT | Search | Kamera ile Gider Kontrolu | Anadolu,Search,,Daily,Maximize Conversions,Paused,Kamera ile Tikaniklik Tespiti,,Enabled,kamera ile tıkanıklık tespiti,Phrase,https://golgetesisat.com/?hizmet=kanal-goruntuleme,Enabled
GT | Search | Kamera ile Gider Kontrolu | Anadolu,Search,,Daily,Maximize Conversions,Paused,Kamera ile Tikaniklik Tespiti,,Enabled,kamera ile tıkanıklık tespiti,Exact,https://golgetesisat.com/?hizmet=kanal-goruntuleme,Enabled
GT | Search | Kamera ile Gider Kontrolu | Anadolu,Search,,Daily,Maximize Conversions,Paused,Kamera ile Tikaniklik Tespiti,,Enabled,gider kamera kontrolü,Phrase,https://golgetesisat.com/?hizmet=kanal-goruntuleme,Enabled
GT | Search | Kamera ile Gider Kontrolu | Anadolu,Search,,Daily,Maximize Conversions,Paused,Kamera ile Tikaniklik Tespiti,,Enabled,gider kamera kontrolü,Exact,https://golgetesisat.com/?hizmet=kanal-goruntuleme,Enabled
GT | Search | Kamera ile Gider Kontrolu | Anadolu,Search,,Daily,Maximize Conversions,Paused,Kamera ile Tikaniklik Tespiti,,Enabled,pissu hattı kamera kontrolü,Phrase,https://golgetesisat.com/?hizmet=kanal-goruntuleme,Enabled
GT | Search | Kamera ile Gider Kontrolu | Anadolu,Search,,Daily,Maximize Conversions,Paused,Kamera ile Tikaniklik Tespiti,,Enabled,pissu hattı kamera kontrolü,Exact,https://golgetesisat.com/?hizmet=kanal-goruntuleme,Enabled
GT | Search | Kamera ile Gider Kontrolu | Anadolu,Search,,Daily,Maximize Conversions,Paused,Kamera ile Tikaniklik Tespiti,,Enabled,boru kamera görüntüleme fiyat,Phrase,https://golgetesisat.com/?hizmet=kanal-goruntuleme,Enabled
GT | Search | Kamera ile Gider Kontrolu | Anadolu,Search,,Daily,Maximize Conversions,Paused,Kamera ile Tikaniklik Tespiti,,Enabled,boru kamera görüntüleme fiyat,Exact,https://golgetesisat.com/?hizmet=kanal-goruntuleme,Enabled
