Campaign,Keyword,Criterion Type
GT | Search | Acil Tesisatçı | Avrupa,ücretsiz,Campaign Negative Broad
GT | Search | Acil Tesisatçı | Avrupa,bedava,Campaign Negative Broad
GT | Search | Acil Tesisatçı | Avrupa,iş ilanı,Campaign Negative Broad
GT | Search | Acil Tesisatçı | Avrupa,eleman arıyorum,Campaign Negative Broad
GT | Search | Acil Tesisatçı | Avrupa,eleman alınacak,Campaign Negative Broad
GT | Search | Acil Tesisatçı | Avrupa,maaş,Campaign Negative Broad
GT | Search | Acil Tesisatçı | Avrupa,kurs,Campaign Negative Broad
GT | Search | Acil Tesisatçı | Avrupa,eğitim,Campaign Negative Broad
GT | Search | Acil Tesisatçı | Avrupa,sertifika,Campaign Negative Broad
GT | Search | Acil Tesisatçı | Avrupa,nasıl yapılır,Campaign Negative Broad
GT | Search | Acil Tesisatçı | Avrupa,kendim,Campaign Negative Broad
GT | Search | Acil Tesisatçı | Avrupa,diy,Campaign Negative Broad
GT | Search | Acil Tesisatçı | Avrupa,youtube,Campaign Negative Broad
GT | Search | Acil Tesisatçı | Avrupa,video izle,Campaign Negative Broad
GT | Search | Acil Tesisatçı | Avrupa,pdf,Campaign Negative Broad
GT | Search | Acil Tesisatçı | Avrupa,meslek lisesi,Campaign Negative Broad
GT | Search | Acil Tesisatçı | Avrupa,iş arıyorum,Campaign Negative Broad
GT | Search | Acil Tesisatçı | Avrupa,tesisatçı olmak,Campaign Negative Broad
GT | Search | Acil Tesisatçı | Avrupa,malzeme fiyatları,Campaign Negative Broad
GT | Search | Acil Tesisatçı | Avrupa,toptan,Campaign Negative Broad
GT | Search | Acil Tesisatçı | Avrupa,satılık,Campaign Negative Broad
GT | Search | Acil Tesisatçı | Avrupa,ikinci el,Campaign Negative Broad
GT | Search | Acil Tesisatçı | Avrupa,sahibinden,Campaign Negative Broad
GT | Search | Acil Tesisatçı | Avrupa,hurda,Campaign Negative Broad
GT | Search | Acil Tesisatçı | Avrupa,ankara,Campaign Negative Broad
GT | Search | Acil Tesisatçı | Avrupa,izmir,Campaign Negative Broad
GT | Search | Acil Tesisatçı | Avrupa,bursa,Campaign Negative Broad
GT | Search | Acil Tesisatçı | Avrupa,antalya,Campaign Negative Broad
GT | Search | Acil Tesisatçı | Avrupa,adana,Campaign Negative Broad
GT | Search | Acil Tesisatçı | Avrupa,kocaeli,Campaign Negative Broad
GT | Search | Acil Tesisatçı | Avrupa,sakarya,Campaign Negative Broad
GT | Search | Acil Tesisatçı | Avrupa,tekirdağ,Campaign Negative Broad
GT | Search | Acil Tesisatçı | Avrupa,eskişehir,Campaign Negative Broad
GT | Search | Acil Tesisatçı | Avrupa,konya,Campaign Negative Broad
GT | Search | Acil Tesisatçı | Avrupa,gaziantep,Campaign Negative Broad
GT | Search | Acil Tesisatçı | Avrupa,kıbrıs,Campaign Negative Broad
GT | Search | Acil Tesisatçı | Avrupa,almanya,Campaign Negative Broad
GT | Search | Acil Tesisatçı | Avrupa,şikayet,Campaign Negative Broad
GT | Search | Acil Tesisatçı | Avrupa,şikayetvar,Campaign Negative Broad
GT | Search | Acil Tesisatçı | Avrupa,dava,Campaign Negative Broad
GT | Search | Acil Tesisatçı | Avrupa,yönetmelik,Campaign Negative Broad
GT | Search | Acil Tesisatçı | Avrupa,kanun,Campaign Negative Broad
GT | Search | Acil Tesisatçı | Avrupa,belediye,Campaign Negative Broad
GT | Search | Acil Tesisatçı | Avrupa,iski borç,Campaign Negative Broad
GT | Search | Acil Tesisatçı | Avrupa,iski fatura,Campaign Negative Broad
GT | Search | Acil Tesisatçı | Avrupa,abonelik,Campaign Negative Broad
GT | Search | Acil Tesisatçı | Avrupa,su faturası ödeme,Campaign Negative Broad
GT | Search | Acil Tesisatçı | Avrupa,iş makinesi,Campaign Negative Broad
GT | Search | Acil Tesisatçı | Avrupa,kiralık,Campaign Negative Broad
GT | Search | Acil Tesisatçı | Avrupa,kombi fiyatları,Campaign Negative Broad
GT | Search | Acil Tesisatçı | Avrupa,kombi satın al,Campaign Negative Broad
GT | Search | Acil Tesisatçı | Avrupa,petek fiyatları,Campaign Negative Broad
GT | Search | Acil Tesisatçı | Avrupa,radyatör satın al,Campaign Negative Broad
GT | Search | Acil Tesisatçı | Avrupa,boru fiyat listesi,Campaign Negative Broad
GT | Search | Acil Tesisatçı | Avrupa,staj,Campaign Negative Broad
GT | Search | Acil Tesisatçı | Avrupa,cv,Campaign Negative Broad
GT | Search | Acil Tesisatçı | Anadolu,ücretsiz,Campaign Negative Broad
GT | Search | Acil Tesisatçı | Anadolu,bedava,Campaign Negative Broad
GT | Search | Acil Tesisatçı | Anadolu,iş ilanı,Campaign Negative Broad
GT | Search | Acil Tesisatçı | Anadolu,eleman arıyorum,Campaign Negative Broad
GT | Search | Acil Tesisatçı | Anadolu,eleman alınacak,Campaign Negative Broad
GT | Search | Acil Tesisatçı | Anadolu,maaş,Campaign Negative Broad
GT | Search | Acil Tesisatçı | Anadolu,kurs,Campaign Negative Broad
GT | Search | Acil Tesisatçı | Anadolu,eğitim,Campaign Negative Broad
GT | Search | Acil Tesisatçı | Anadolu,sertifika,Campaign Negative Broad
GT | Search | Acil Tesisatçı | Anadolu,nasıl yapılır,Campaign Negative Broad
GT | Search | Acil Tesisatçı | Anadolu,kendim,Campaign Negative Broad
GT | Search | Acil Tesisatçı | Anadolu,diy,Campaign Negative Broad
GT | Search | Acil Tesisatçı | Anadolu,youtube,Campaign Negative Broad
GT | Search | Acil Tesisatçı | Anadolu,video izle,Campaign Negative Broad
GT | Search | Acil Tesisatçı | Anadolu,pdf,Campaign Negative Broad
GT | Search | Acil Tesisatçı | Anadolu,meslek lisesi,Campaign Negative Broad
GT | Search | Acil Tesisatçı | Anadolu,iş arıyorum,Campaign Negative Broad
GT | Search | Acil Tesisatçı | Anadolu,tesisatçı olmak,Campaign Negative Broad
GT | Search | Acil Tesisatçı | Anadolu,malzeme fiyatları,Campaign Negative Broad
GT | Search | Acil Tesisatçı | Anadolu,toptan,Campaign Negative Broad
GT | Search | Acil Tesisatçı | Anadolu,satılık,Campaign Negative Broad
GT | Search | Acil Tesisatçı | Anadolu,ikinci el,Campaign Negative Broad
GT | Search | Acil Tesisatçı | Anadolu,sahibinden,Campaign Negative Broad
GT | Search | Acil Tesisatçı | Anadolu,hurda,Campaign Negative Broad
GT | Search | Acil Tesisatçı | Anadolu,ankara,Campaign Negative Broad
GT | Search | Acil Tesisatçı | Anadolu,izmir,Campaign Negative Broad
GT | Search | Acil Tesisatçı | Anadolu,bursa,Campaign Negative Broad
GT | Search | Acil Tesisatçı | Anadolu,antalya,Campaign Negative Broad
GT | Search | Acil Tesisatçı | Anadolu,adana,Campaign Negative Broad
GT | Search | Acil Tesisatçı | Anadolu,kocaeli,Campaign Negative Broad
GT | Search | Acil Tesisatçı | Anadolu,sakarya,Campaign Negative Broad
GT | Search | Acil Tesisatçı | Anadolu,tekirdağ,Campaign Negative Broad
GT | Search | Acil Tesisatçı | Anadolu,eskişehir,Campaign Negative Broad
GT | Search | Acil Tesisatçı | Anadolu,konya,Campaign Negative Broad
GT | Search | Acil Tesisatçı | Anadolu,gaziantep,Campaign Negative Broad
GT | Search | Acil Tesisatçı | Anadolu,kıbrıs,Campaign Negative Broad
GT | Search | Acil Tesisatçı | Anadolu,almanya,Campaign Negative Broad
GT | Search | Acil Tesisatçı | Anadolu,şikayet,Campaign Negative Broad
GT | Search | Acil Tesisatçı | Anadolu,şikayetvar,Campaign Negative Broad
GT | Search | Acil Tesisatçı | Anadolu,dava,Campaign Negative Broad
GT | Search | Acil Tesisatçı | Anadolu,yönetmelik,Campaign Negative Broad
GT | Search | Acil Tesisatçı | Anadolu,kanun,Campaign Negative Broad
GT | Search | Acil Tesisatçı | Anadolu,belediye,Campaign Negative Broad
GT | Search | Acil Tesisatçı | Anadolu,iski borç,Campaign Negative Broad
GT | Search | Acil Tesisatçı | Anadolu,iski fatura,Campaign Negative Broad
GT | Search | Acil Tesisatçı | Anadolu,abonelik,Campaign Negative Broad
GT | Search | Acil Tesisatçı | Anadolu,su faturası ödeme,Campaign Negative Broad
GT | Search | Acil Tesisatçı | Anadolu,iş makinesi,Campaign Negative Broad
GT | Search | Acil Tesisatçı | Anadolu,kiralık,Campaign Negative Broad
GT | Search | Acil Tesisatçı | Anadolu,kombi fiyatları,Campaign Negative Broad
GT | Search | Acil Tesisatçı | Anadolu,kombi satın al,Campaign Negative Broad
GT | Search | Acil Tesisatçı | Anadolu,petek fiyatları,Campaign Negative Broad
GT | Search | Acil Tesisatçı | Anadolu,radyatör satın al,Campaign Negative Broad
GT | Search | Acil Tesisatçı | Anadolu,boru fiyat listesi,Campaign Negative Broad
GT | Search | Acil Tesisatçı | Anadolu,staj,Campaign Negative Broad
GT | Search | Acil Tesisatçı | Anadolu,cv,Campaign Negative Broad
GT | Search | Su Kacagi Tespiti | Avrupa,ücretsiz,Campaign Negative Broad
GT | Search | Su Kacagi Tespiti | Avrupa,bedava,Campaign Negative Broad
GT | Search | Su Kacagi Tespiti | Avrupa,iş ilanı,Campaign Negative Broad
GT | Search | Su Kacagi Tespiti | Avrupa,eleman arıyorum,Campaign Negative Broad
GT | Search | Su Kacagi Tespiti | Avrupa,eleman alınacak,Campaign Negative Broad
GT | Search | Su Kacagi Tespiti | Avrupa,maaş,Campaign Negative Broad
GT | Search | Su Kacagi Tespiti | Avrupa,kurs,Campaign Negative Broad
GT | Search | Su Kacagi Tespiti | Avrupa,eğitim,Campaign Negative Broad
GT | Search | Su Kacagi Tespiti | Avrupa,sertifika,Campaign Negative Broad
GT | Search | Su Kacagi Tespiti | Avrupa,nasıl yapılır,Campaign Negative Broad
GT | Search | Su Kacagi Tespiti | Avrupa,kendim,Campaign Negative Broad
GT | Search | Su Kacagi Tespiti | Avrupa,diy,Campaign Negative Broad
GT | Search | Su Kacagi Tespiti | Avrupa,youtube,Campaign Negative Broad
GT | Search | Su Kacagi Tespiti | Avrupa,video izle,Campaign Negative Broad
GT | Search | Su Kacagi Tespiti | Avrupa,pdf,Campaign Negative Broad
GT | Search | Su Kacagi Tespiti | Avrupa,meslek lisesi,Campaign Negative Broad
GT | Search | Su Kacagi Tespiti | Avrupa,iş arıyorum,Campaign Negative Broad
GT | Search | Su Kacagi Tespiti | Avrupa,tesisatçı olmak,Campaign Negative Broad
GT | Search | Su Kacagi Tespiti | Avrupa,malzeme fiyatları,Campaign Negative Broad
GT | Search | Su Kacagi Tespiti | Avrupa,toptan,Campaign Negative Broad
GT | Search | Su Kacagi Tespiti | Avrupa,satılık,Campaign Negative Broad
GT | Search | Su Kacagi Tespiti | Avrupa,ikinci el,Campaign Negative Broad
GT | Search | Su Kacagi Tespiti | Avrupa,sahibinden,Campaign Negative Broad
GT | Search | Su Kacagi Tespiti | Avrupa,hurda,Campaign Negative Broad
GT | Search | Su Kacagi Tespiti | Avrupa,ankara,Campaign Negative Broad
GT | Search | Su Kacagi Tespiti | Avrupa,izmir,Campaign Negative Broad
GT | Search | Su Kacagi Tespiti | Avrupa,bursa,Campaign Negative Broad
GT | Search | Su Kacagi Tespiti | Avrupa,antalya,Campaign Negative Broad
GT | Search | Su Kacagi Tespiti | Avrupa,adana,Campaign Negative Broad
GT | Search | Su Kacagi Tespiti | Avrupa,kocaeli,Campaign Negative Broad
GT | Search | Su Kacagi Tespiti | Avrupa,sakarya,Campaign Negative Broad
GT | Search | Su Kacagi Tespiti | Avrupa,tekirdağ,Campaign Negative Broad
GT | Search | Su Kacagi Tespiti | Avrupa,eskişehir,Campaign Negative Broad
GT | Search | Su Kacagi Tespiti | Avrupa,konya,Campaign Negative Broad
GT | Search | Su Kacagi Tespiti | Avrupa,gaziantep,Campaign Negative Broad
GT | Search | Su Kacagi Tespiti | Avrupa,kıbrıs,Campaign Negative Broad
GT | Search | Su Kacagi Tespiti | Avrupa,almanya,Campaign Negative Broad
GT | Search | Su Kacagi Tespiti | Avrupa,şikayet,Campaign Negative Broad
GT | Search | Su Kacagi Tespiti | Avrupa,şikayetvar,Campaign Negative Broad
GT | Search | Su Kacagi Tespiti | Avrupa,dava,Campaign Negative Broad
GT | Search | Su Kacagi Tespiti | Avrupa,yönetmelik,Campaign Negative Broad
GT | Search | Su Kacagi Tespiti | Avrupa,kanun,Campaign Negative Broad
GT | Search | Su Kacagi Tespiti | Avrupa,belediye,Campaign Negative Broad
GT | Search | Su Kacagi Tespiti | Avrupa,iski borç,Campaign Negative Broad
GT | Search | Su Kacagi Tespiti | Avrupa,iski fatura,Campaign Negative Broad
GT | Search | Su Kacagi Tespiti | Avrupa,abonelik,Campaign Negative Broad
GT | Search | Su Kacagi Tespiti | Avrupa,su faturası ödeme,Campaign Negative Broad
GT | Search | Su Kacagi Tespiti | Avrupa,iş makinesi,Campaign Negative Broad
GT | Search | Su Kacagi Tespiti | Avrupa,kiralık,Campaign Negative Broad
GT | Search | Su Kacagi Tespiti | Avrupa,kombi fiyatları,Campaign Negative Broad
GT | Search | Su Kacagi Tespiti | Avrupa,kombi satın al,Campaign Negative Broad
GT | Search | Su Kacagi Tespiti | Avrupa,petek fiyatları,Campaign Negative Broad
GT | Search | Su Kacagi Tespiti | Avrupa,radyatör satın al,Campaign Negative Broad
GT | Search | Su Kacagi Tespiti | Avrupa,boru fiyat listesi,Campaign Negative Broad
GT | Search | Su Kacagi Tespiti | Avrupa,staj,Campaign Negative Broad
GT | Search | Su Kacagi Tespiti | Avrupa,cv,Campaign Negative Broad
GT | Search | Su Kacagi Tespiti | Anadolu,ücretsiz,Campaign Negative Broad
GT | Search | Su Kacagi Tespiti | Anadolu,bedava,Campaign Negative Broad
GT | Search | Su Kacagi Tespiti | Anadolu,iş ilanı,Campaign Negative Broad
GT | Search | Su Kacagi Tespiti | Anadolu,eleman arıyorum,Campaign Negative Broad
GT | Search | Su Kacagi Tespiti | Anadolu,eleman alınacak,Campaign Negative Broad
GT | Search | Su Kacagi Tespiti | Anadolu,maaş,Campaign Negative Broad
GT | Search | Su Kacagi Tespiti | Anadolu,kurs,Campaign Negative Broad
GT | Search | Su Kacagi Tespiti | Anadolu,eğitim,Campaign Negative Broad
GT | Search | Su Kacagi Tespiti | Anadolu,sertifika,Campaign Negative Broad
GT | Search | Su Kacagi Tespiti | Anadolu,nasıl yapılır,Campaign Negative Broad
GT | Search | Su Kacagi Tespiti | Anadolu,kendim,Campaign Negative Broad
GT | Search | Su Kacagi Tespiti | Anadolu,diy,Campaign Negative Broad
GT | Search | Su Kacagi Tespiti | Anadolu,youtube,Campaign Negative Broad
GT | Search | Su Kacagi Tespiti | Anadolu,video izle,Campaign Negative Broad
GT | Search | Su Kacagi Tespiti | Anadolu,pdf,Campaign Negative Broad
GT | Search | Su Kacagi Tespiti | Anadolu,meslek lisesi,Campaign Negative Broad
GT | Search | Su Kacagi Tespiti | Anadolu,iş arıyorum,Campaign Negative Broad
GT | Search | Su Kacagi Tespiti | Anadolu,tesisatçı olmak,Campaign Negative Broad
GT | Search | Su Kacagi Tespiti | Anadolu,malzeme fiyatları,Campaign Negative Broad
GT | Search | Su Kacagi Tespiti | Anadolu,toptan,Campaign Negative Broad
GT | Search | Su Kacagi Tespiti | Anadolu,satılık,Campaign Negative Broad
GT | Search | Su Kacagi Tespiti | Anadolu,ikinci el,Campaign Negative Broad
GT | Search | Su Kacagi Tespiti | Anadolu,sahibinden,Campaign Negative Broad
GT | Search | Su Kacagi Tespiti | Anadolu,hurda,Campaign Negative Broad
GT | Search | Su Kacagi Tespiti | Anadolu,ankara,Campaign Negative Broad
GT | Search | Su Kacagi Tespiti | Anadolu,izmir,Campaign Negative Broad
GT | Search | Su Kacagi Tespiti | Anadolu,bursa,Campaign Negative Broad
GT | Search | Su Kacagi Tespiti | Anadolu,antalya,Campaign Negative Broad
GT | Search | Su Kacagi Tespiti | Anadolu,adana,Campaign Negative Broad
GT | Search | Su Kacagi Tespiti | Anadolu,kocaeli,Campaign Negative Broad
GT | Search | Su Kacagi Tespiti | Anadolu,sakarya,Campaign Negative Broad
GT | Search | Su Kacagi Tespiti | Anadolu,tekirdağ,Campaign Negative Broad
GT | Search | Su Kacagi Tespiti | Anadolu,eskişehir,Campaign Negative Broad
GT | Search | Su Kacagi Tespiti | Anadolu,konya,Campaign Negative Broad
GT | Search | Su Kacagi Tespiti | Anadolu,gaziantep,Campaign Negative Broad
GT | Search | Su Kacagi Tespiti | Anadolu,kıbrıs,Campaign Negative Broad
GT | Search | Su Kacagi Tespiti | Anadolu,almanya,Campaign Negative Broad
GT | Search | Su Kacagi Tespiti | Anadolu,şikayet,Campaign Negative Broad
GT | Search | Su Kacagi Tespiti | Anadolu,şikayetvar,Campaign Negative Broad
GT | Search | Su Kacagi Tespiti | Anadolu,dava,Campaign Negative Broad
GT | Search | Su Kacagi Tespiti | Anadolu,yönetmelik,Campaign Negative Broad
GT | Search | Su Kacagi Tespiti | Anadolu,kanun,Campaign Negative Broad
GT | Search | Su Kacagi Tespiti | Anadolu,belediye,Campaign Negative Broad
GT | Search | Su Kacagi Tespiti | Anadolu,iski borç,Campaign Negative Broad
GT | Search | Su Kacagi Tespiti | Anadolu,iski fatura,Campaign Negative Broad
GT | Search | Su Kacagi Tespiti | Anadolu,abonelik,Campaign Negative Broad
GT | Search | Su Kacagi Tespiti | Anadolu,su faturası ödeme,Campaign Negative Broad
GT | Search | Su Kacagi Tespiti | Anadolu,iş makinesi,Campaign Negative Broad
GT | Search | Su Kacagi Tespiti | Anadolu,kiralık,Campaign Negative Broad
GT | Search | Su Kacagi Tespiti | Anadolu,kombi fiyatları,Campaign Negative Broad
GT | Search | Su Kacagi Tespiti | Anadolu,kombi satın al,Campaign Negative Broad
GT | Search | Su Kacagi Tespiti | Anadolu,petek fiyatları,Campaign Negative Broad
GT | Search | Su Kacagi Tespiti | Anadolu,radyatör satın al,Campaign Negative Broad
GT | Search | Su Kacagi Tespiti | Anadolu,boru fiyat listesi,Campaign Negative Broad
GT | Search | Su Kacagi Tespiti | Anadolu,staj,Campaign Negative Broad
GT | Search | Su Kacagi Tespiti | Anadolu,cv,Campaign Negative Broad
GT | Search | Tikaniklik Acma | Avrupa,ücretsiz,Campaign Negative Broad
GT | Search | Tikaniklik Acma | Avrupa,bedava,Campaign Negative Broad
GT | Search | Tikaniklik Acma | Avrupa,iş ilanı,Campaign Negative Broad
GT | Search | Tikaniklik Acma | Avrupa,eleman arıyorum,Campaign Negative Broad
GT | Search | Tikaniklik Acma | Avrupa,eleman alınacak,Campaign Negative Broad
GT | Search | Tikaniklik Acma | Avrupa,maaş,Campaign Negative Broad
GT | Search | Tikaniklik Acma | Avrupa,kurs,Campaign Negative Broad
GT | Search | Tikaniklik Acma | Avrupa,eğitim,Campaign Negative Broad
GT | Search | Tikaniklik Acma | Avrupa,sertifika,Campaign Negative Broad
GT | Search | Tikaniklik Acma | Avrupa,nasıl yapılır,Campaign Negative Broad
GT | Search | Tikaniklik Acma | Avrupa,kendim,Campaign Negative Broad
GT | Search | Tikaniklik Acma | Avrupa,diy,Campaign Negative Broad
GT | Search | Tikaniklik Acma | Avrupa,youtube,Campaign Negative Broad
GT | Search | Tikaniklik Acma | Avrupa,video izle,Campaign Negative Broad
GT | Search | Tikaniklik Acma | Avrupa,pdf,Campaign Negative Broad
GT | Search | Tikaniklik Acma | Avrupa,meslek lisesi,Campaign Negative Broad
GT | Search | Tikaniklik Acma | Avrupa,iş arıyorum,Campaign Negative Broad
GT | Search | Tikaniklik Acma | Avrupa,tesisatçı olmak,Campaign Negative Broad
GT | Search | Tikaniklik Acma | Avrupa,malzeme fiyatları,Campaign Negative Broad
GT | Search | Tikaniklik Acma | Avrupa,toptan,Campaign Negative Broad
GT | Search | Tikaniklik Acma | Avrupa,satılık,Campaign Negative Broad
GT | Search | Tikaniklik Acma | Avrupa,ikinci el,Campaign Negative Broad
GT | Search | Tikaniklik Acma | Avrupa,sahibinden,Campaign Negative Broad
GT | Search | Tikaniklik Acma | Avrupa,hurda,Campaign Negative Broad
GT | Search | Tikaniklik Acma | Avrupa,ankara,Campaign Negative Broad
GT | Search | Tikaniklik Acma | Avrupa,izmir,Campaign Negative Broad
GT | Search | Tikaniklik Acma | Avrupa,bursa,Campaign Negative Broad
GT | Search | Tikaniklik Acma | Avrupa,antalya,Campaign Negative Broad
GT | Search | Tikaniklik Acma | Avrupa,adana,Campaign Negative Broad
GT | Search | Tikaniklik Acma | Avrupa,kocaeli,Campaign Negative Broad
GT | Search | Tikaniklik Acma | Avrupa,sakarya,Campaign Negative Broad
GT | Search | Tikaniklik Acma | Avrupa,tekirdağ,Campaign Negative Broad
GT | Search | Tikaniklik Acma | Avrupa,eskişehir,Campaign Negative Broad
GT | Search | Tikaniklik Acma | Avrupa,konya,Campaign Negative Broad
GT | Search | Tikaniklik Acma | Avrupa,gaziantep,Campaign Negative Broad
GT | Search | Tikaniklik Acma | Avrupa,kıbrıs,Campaign Negative Broad
GT | Search | Tikaniklik Acma | Avrupa,almanya,Campaign Negative Broad
GT | Search | Tikaniklik Acma | Avrupa,şikayet,Campaign Negative Broad
GT | Search | Tikaniklik Acma | Avrupa,şikayetvar,Campaign Negative Broad
GT | Search | Tikaniklik Acma | Avrupa,dava,Campaign Negative Broad
GT | Search | Tikaniklik Acma | Avrupa,yönetmelik,Campaign Negative Broad
GT | Search | Tikaniklik Acma | Avrupa,kanun,Campaign Negative Broad
GT | Search | Tikaniklik Acma | Avrupa,belediye,Campaign Negative Broad
GT | Search | Tikaniklik Acma | Avrupa,iski borç,Campaign Negative Broad
GT | Search | Tikaniklik Acma | Avrupa,iski fatura,Campaign Negative Broad
GT | Search | Tikaniklik Acma | Avrupa,abonelik,Campaign Negative Broad
GT | Search | Tikaniklik Acma | Avrupa,su faturası ödeme,Campaign Negative Broad
GT | Search | Tikaniklik Acma | Avrupa,iş makinesi,Campaign Negative Broad
GT | Search | Tikaniklik Acma | Avrupa,kiralık,Campaign Negative Broad
GT | Search | Tikaniklik Acma | Avrupa,kombi fiyatları,Campaign Negative Broad
GT | Search | Tikaniklik Acma | Avrupa,kombi satın al,Campaign Negative Broad
GT | Search | Tikaniklik Acma | Avrupa,petek fiyatları,Campaign Negative Broad
GT | Search | Tikaniklik Acma | Avrupa,radyatör satın al,Campaign Negative Broad
GT | Search | Tikaniklik Acma | Avrupa,boru fiyat listesi,Campaign Negative Broad
GT | Search | Tikaniklik Acma | Avrupa,staj,Campaign Negative Broad
GT | Search | Tikaniklik Acma | Avrupa,cv,Campaign Negative Broad
GT | Search | Tikaniklik Acma | Anadolu,ücretsiz,Campaign Negative Broad
GT | Search | Tikaniklik Acma | Anadolu,bedava,Campaign Negative Broad
GT | Search | Tikaniklik Acma | Anadolu,iş ilanı,Campaign Negative Broad
GT | Search | Tikaniklik Acma | Anadolu,eleman arıyorum,Campaign Negative Broad
GT | Search | Tikaniklik Acma | Anadolu,eleman alınacak,Campaign Negative Broad
GT | Search | Tikaniklik Acma | Anadolu,maaş,Campaign Negative Broad
GT | Search | Tikaniklik Acma | Anadolu,kurs,Campaign Negative Broad
GT | Search | Tikaniklik Acma | Anadolu,eğitim,Campaign Negative Broad
GT | Search | Tikaniklik Acma | Anadolu,sertifika,Campaign Negative Broad
GT | Search | Tikaniklik Acma | Anadolu,nasıl yapılır,Campaign Negative Broad
GT | Search | Tikaniklik Acma | Anadolu,kendim,Campaign Negative Broad
GT | Search | Tikaniklik Acma | Anadolu,diy,Campaign Negative Broad
GT | Search | Tikaniklik Acma | Anadolu,youtube,Campaign Negative Broad
GT | Search | Tikaniklik Acma | Anadolu,video izle,Campaign Negative Broad
GT | Search | Tikaniklik Acma | Anadolu,pdf,Campaign Negative Broad
GT | Search | Tikaniklik Acma | Anadolu,meslek lisesi,Campaign Negative Broad
GT | Search | Tikaniklik Acma | Anadolu,iş arıyorum,Campaign Negative Broad
GT | Search | Tikaniklik Acma | Anadolu,tesisatçı olmak,Campaign Negative Broad
GT | Search | Tikaniklik Acma | Anadolu,malzeme fiyatları,Campaign Negative Broad
GT | Search | Tikaniklik Acma | Anadolu,toptan,Campaign Negative Broad
GT | Search | Tikaniklik Acma | Anadolu,satılık,Campaign Negative Broad
GT | Search | Tikaniklik Acma | Anadolu,ikinci el,Campaign Negative Broad
GT | Search | Tikaniklik Acma | Anadolu,sahibinden,Campaign Negative Broad
GT | Search | Tikaniklik Acma | Anadolu,hurda,Campaign Negative Broad
GT | Search | Tikaniklik Acma | Anadolu,ankara,Campaign Negative Broad
GT | Search | Tikaniklik Acma | Anadolu,izmir,Campaign Negative Broad
GT | Search | Tikaniklik Acma | Anadolu,bursa,Campaign Negative Broad
GT | Search | Tikaniklik Acma | Anadolu,antalya,Campaign Negative Broad
GT | Search | Tikaniklik Acma | Anadolu,adana,Campaign Negative Broad
GT | Search | Tikaniklik Acma | Anadolu,kocaeli,Campaign Negative Broad
GT | Search | Tikaniklik Acma | Anadolu,sakarya,Campaign Negative Broad
GT | Search | Tikaniklik Acma | Anadolu,tekirdağ,Campaign Negative Broad
GT | Search | Tikaniklik Acma | Anadolu,eskişehir,Campaign Negative Broad
GT | Search | Tikaniklik Acma | Anadolu,konya,Campaign Negative Broad
GT | Search | Tikaniklik Acma | Anadolu,gaziantep,Campaign Negative Broad
GT | Search | Tikaniklik Acma | Anadolu,kıbrıs,Campaign Negative Broad
GT | Search | Tikaniklik Acma | Anadolu,almanya,Campaign Negative Broad
GT | Search | Tikaniklik Acma | Anadolu,şikayet,Campaign Negative Broad
GT | Search | Tikaniklik Acma | Anadolu,şikayetvar,Campaign Negative Broad
GT | Search | Tikaniklik Acma | Anadolu,dava,Campaign Negative Broad
GT | Search | Tikaniklik Acma | Anadolu,yönetmelik,Campaign Negative Broad
GT | Search | Tikaniklik Acma | Anadolu,kanun,Campaign Negative Broad
GT | Search | Tikaniklik Acma | Anadolu,belediye,Campaign Negative Broad
GT | Search | Tikaniklik Acma | Anadolu,iski borç,Campaign Negative Broad
GT | Search | Tikaniklik Acma | Anadolu,iski fatura,Campaign Negative Broad
GT | Search | Tikaniklik Acma | Anadolu,abonelik,Campaign Negative Broad
GT | Search | Tikaniklik Acma | Anadolu,su faturası ödeme,Campaign Negative Broad
GT | Search | Tikaniklik Acma | Anadolu,iş makinesi,Campaign Negative Broad
GT | Search | Tikaniklik Acma | Anadolu,kiralık,Campaign Negative Broad
GT | Search | Tikaniklik Acma | Anadolu,kombi fiyatları,Campaign Negative Broad
GT | Search | Tikaniklik Acma | Anadolu,kombi satın al,Campaign Negative Broad
GT | Search | Tikaniklik Acma | Anadolu,petek fiyatları,Campaign Negative Broad
GT | Search | Tikaniklik Acma | Anadolu,radyatör satın al,Campaign Negative Broad
GT | Search | Tikaniklik Acma | Anadolu,boru fiyat listesi,Campaign Negative Broad
GT | Search | Tikaniklik Acma | Anadolu,staj,Campaign Negative Broad
GT | Search | Tikaniklik Acma | Anadolu,cv,Campaign Negative Broad
GT | Search | Petek Temizleme | Avrupa,ücretsiz,Campaign Negative Broad
GT | Search | Petek Temizleme | Avrupa,bedava,Campaign Negative Broad
GT | Search | Petek Temizleme | Avrupa,iş ilanı,Campaign Negative Broad
GT | Search | Petek Temizleme | Avrupa,eleman arıyorum,Campaign Negative Broad
GT | Search | Petek Temizleme | Avrupa,eleman alınacak,Campaign Negative Broad
GT | Search | Petek Temizleme | Avrupa,maaş,Campaign Negative Broad
GT | Search | Petek Temizleme | Avrupa,kurs,Campaign Negative Broad
GT | Search | Petek Temizleme | Avrupa,eğitim,Campaign Negative Broad
GT | Search | Petek Temizleme | Avrupa,sertifika,Campaign Negative Broad
GT | Search | Petek Temizleme | Avrupa,nasıl yapılır,Campaign Negative Broad
GT | Search | Petek Temizleme | Avrupa,kendim,Campaign Negative Broad
GT | Search | Petek Temizleme | Avrupa,diy,Campaign Negative Broad
GT | Search | Petek Temizleme | Avrupa,youtube,Campaign Negative Broad
GT | Search | Petek Temizleme | Avrupa,video izle,Campaign Negative Broad
GT | Search | Petek Temizleme | Avrupa,pdf,Campaign Negative Broad
GT | Search | Petek Temizleme | Avrupa,meslek lisesi,Campaign Negative Broad
GT | Search | Petek Temizleme | Avrupa,iş arıyorum,Campaign Negative Broad
GT | Search | Petek Temizleme | Avrupa,tesisatçı olmak,Campaign Negative Broad
GT | Search | Petek Temizleme | Avrupa,malzeme fiyatları,Campaign Negative Broad
GT | Search | Petek Temizleme | Avrupa,toptan,Campaign Negative Broad
GT | Search | Petek Temizleme | Avrupa,satılık,Campaign Negative Broad
GT | Search | Petek Temizleme | Avrupa,ikinci el,Campaign Negative Broad
GT | Search | Petek Temizleme | Avrupa,sahibinden,Campaign Negative Broad
GT | Search | Petek Temizleme | Avrupa,hurda,Campaign Negative Broad
GT | Search | Petek Temizleme | Avrupa,ankara,Campaign Negative Broad
GT | Search | Petek Temizleme | Avrupa,izmir,Campaign Negative Broad
GT | Search | Petek Temizleme | Avrupa,bursa,Campaign Negative Broad
GT | Search | Petek Temizleme | Avrupa,antalya,Campaign Negative Broad
GT | Search | Petek Temizleme | Avrupa,adana,Campaign Negative Broad
GT | Search | Petek Temizleme | Avrupa,kocaeli,Campaign Negative Broad
GT | Search | Petek Temizleme | Avrupa,sakarya,Campaign Negative Broad
GT | Search | Petek Temizleme | Avrupa,tekirdağ,Campaign Negative Broad
GT | Search | Petek Temizleme | Avrupa,eskişehir,Campaign Negative Broad
GT | Search | Petek Temizleme | Avrupa,konya,Campaign Negative Broad
GT | Search | Petek Temizleme | Avrupa,gaziantep,Campaign Negative Broad
GT | Search | Petek Temizleme | Avrupa,kıbrıs,Campaign Negative Broad
GT | Search | Petek Temizleme | Avrupa,almanya,Campaign Negative Broad
GT | Search | Petek Temizleme | Avrupa,şikayet,Campaign Negative Broad
GT | Search | Petek Temizleme | Avrupa,şikayetvar,Campaign Negative Broad
GT | Search | Petek Temizleme | Avrupa,dava,Campaign Negative Broad
GT | Search | Petek Temizleme | Avrupa,yönetmelik,Campaign Negative Broad
GT | Search | Petek Temizleme | Avrupa,kanun,Campaign Negative Broad
GT | Search | Petek Temizleme | Avrupa,belediye,Campaign Negative Broad
GT | Search | Petek Temizleme | Avrupa,iski borç,Campaign Negative Broad
GT | Search | Petek Temizleme | Avrupa,iski fatura,Campaign Negative Broad
GT | Search | Petek Temizleme | Avrupa,abonelik,Campaign Negative Broad
GT | Search | Petek Temizleme | Avrupa,su faturası ödeme,Campaign Negative Broad
GT | Search | Petek Temizleme | Avrupa,iş makinesi,Campaign Negative Broad
GT | Search | Petek Temizleme | Avrupa,kiralık,Campaign Negative Broad
GT | Search | Petek Temizleme | Avrupa,kombi fiyatları,Campaign Negative Broad
GT | Search | Petek Temizleme | Avrupa,kombi satın al,Campaign Negative Broad
GT | Search | Petek Temizleme | Avrupa,petek fiyatları,Campaign Negative Broad
GT | Search | Petek Temizleme | Avrupa,radyatör satın al,Campaign Negative Broad
GT | Search | Petek Temizleme | Avrupa,boru fiyat listesi,Campaign Negative Broad
GT | Search | Petek Temizleme | Avrupa,staj,Campaign Negative Broad
GT | Search | Petek Temizleme | Avrupa,cv,Campaign Negative Broad
GT | Search | Petek Temizleme | Anadolu,ücretsiz,Campaign Negative Broad
GT | Search | Petek Temizleme | Anadolu,bedava,Campaign Negative Broad
GT | Search | Petek Temizleme | Anadolu,iş ilanı,Campaign Negative Broad
GT | Search | Petek Temizleme | Anadolu,eleman arıyorum,Campaign Negative Broad
GT | Search | Petek Temizleme | Anadolu,eleman alınacak,Campaign Negative Broad
GT | Search | Petek Temizleme | Anadolu,maaş,Campaign Negative Broad
GT | Search | Petek Temizleme | Anadolu,kurs,Campaign Negative Broad
GT | Search | Petek Temizleme | Anadolu,eğitim,Campaign Negative Broad
GT | Search | Petek Temizleme | Anadolu,sertifika,Campaign Negative Broad
GT | Search | Petek Temizleme | Anadolu,nasıl yapılır,Campaign Negative Broad
GT | Search | Petek Temizleme | Anadolu,kendim,Campaign Negative Broad
GT | Search | Petek Temizleme | Anadolu,diy,Campaign Negative Broad
GT | Search | Petek Temizleme | Anadolu,youtube,Campaign Negative Broad
GT | Search | Petek Temizleme | Anadolu,video izle,Campaign Negative Broad
GT | Search | Petek Temizleme | Anadolu,pdf,Campaign Negative Broad
GT | Search | Petek Temizleme | Anadolu,meslek lisesi,Campaign Negative Broad
GT | Search | Petek Temizleme | Anadolu,iş arıyorum,Campaign Negative Broad
GT | Search | Petek Temizleme | Anadolu,tesisatçı olmak,Campaign Negative Broad
GT | Search | Petek Temizleme | Anadolu,malzeme fiyatları,Campaign Negative Broad
GT | Search | Petek Temizleme | Anadolu,toptan,Campaign Negative Broad
GT | Search | Petek Temizleme | Anadolu,satılık,Campaign Negative Broad
GT | Search | Petek Temizleme | Anadolu,ikinci el,Campaign Negative Broad
GT | Search | Petek Temizleme | Anadolu,sahibinden,Campaign Negative Broad
GT | Search | Petek Temizleme | Anadolu,hurda,Campaign Negative Broad
GT | Search | Petek Temizleme | Anadolu,ankara,Campaign Negative Broad
GT | Search | Petek Temizleme | Anadolu,izmir,Campaign Negative Broad
GT | Search | Petek Temizleme | Anadolu,bursa,Campaign Negative Broad
GT | Search | Petek Temizleme | Anadolu,antalya,Campaign Negative Broad
GT | Search | Petek Temizleme | Anadolu,adana,Campaign Negative Broad
GT | Search | Petek Temizleme | Anadolu,kocaeli,Campaign Negative Broad
GT | Search | Petek Temizleme | Anadolu,sakarya,Campaign Negative Broad
GT | Search | Petek Temizleme | Anadolu,tekirdağ,Campaign Negative Broad
GT | Search | Petek Temizleme | Anadolu,eskişehir,Campaign Negative Broad
GT | Search | Petek Temizleme | Anadolu,konya,Campaign Negative Broad
GT | Search | Petek Temizleme | Anadolu,gaziantep,Campaign Negative Broad
GT | Search | Petek Temizleme | Anadolu,kıbrıs,Campaign Negative Broad
GT | Search | Petek Temizleme | Anadolu,almanya,Campaign Negative Broad
GT | Search | Petek Temizleme | Anadolu,şikayet,Campaign Negative Broad
GT | Search | Petek Temizleme | Anadolu,şikayetvar,Campaign Negative Broad
GT | Search | Petek Temizleme | Anadolu,dava,Campaign Negative Broad
GT | Search | Petek Temizleme | Anadolu,yönetmelik,Campaign Negative Broad
GT | Search | Petek Temizleme | Anadolu,kanun,Campaign Negative Broad
GT | Search | Petek Temizleme | Anadolu,belediye,Campaign Negative Broad
GT | Search | Petek Temizleme | Anadolu,iski borç,Campaign Negative Broad
GT | Search | Petek Temizleme | Anadolu,iski fatura,Campaign Negative Broad
GT | Search | Petek Temizleme | Anadolu,abonelik,Campaign Negative Broad
GT | Search | Petek Temizleme | Anadolu,su faturası ödeme,Campaign Negative Broad
GT | Search | Petek Temizleme | Anadolu,iş makinesi,Campaign Negative Broad
GT | Search | Petek Temizleme | Anadolu,kiralık,Campaign Negative Broad
GT | Search | Petek Temizleme | Anadolu,kombi fiyatları,Campaign Negative Broad
GT | Search | Petek Temizleme | Anadolu,kombi satın al,Campaign Negative Broad
GT | Search | Petek Temizleme | Anadolu,petek fiyatları,Campaign Negative Broad
GT | Search | Petek Temizleme | Anadolu,radyatör satın al,Campaign Negative Broad
GT | Search | Petek Temizleme | Anadolu,boru fiyat listesi,Campaign Negative Broad
GT | Search | Petek Temizleme | Anadolu,staj,Campaign Negative Broad
GT | Search | Petek Temizleme | Anadolu,cv,Campaign Negative Broad
GT | Search | Boru ve Tesisat Tamiri | Avrupa,ücretsiz,Campaign Negative Broad
GT | Search | Boru ve Tesisat Tamiri | Avrupa,bedava,Campaign Negative Broad
GT | Search | Boru ve Tesisat Tamiri | Avrupa,iş ilanı,Campaign Negative Broad
GT | Search | Boru ve Tesisat Tamiri | Avrupa,eleman arıyorum,Campaign Negative Broad
GT | Search | Boru ve Tesisat Tamiri | Avrupa,eleman alınacak,Campaign Negative Broad
GT | Search | Boru ve Tesisat Tamiri | Avrupa,maaş,Campaign Negative Broad
GT | Search | Boru ve Tesisat Tamiri | Avrupa,kurs,Campaign Negative Broad
GT | Search | Boru ve Tesisat Tamiri | Avrupa,eğitim,Campaign Negative Broad
GT | Search | Boru ve Tesisat Tamiri | Avrupa,sertifika,Campaign Negative Broad
GT | Search | Boru ve Tesisat Tamiri | Avrupa,nasıl yapılır,Campaign Negative Broad
GT | Search | Boru ve Tesisat Tamiri | Avrupa,kendim,Campaign Negative Broad
GT | Search | Boru ve Tesisat Tamiri | Avrupa,diy,Campaign Negative Broad
GT | Search | Boru ve Tesisat Tamiri | Avrupa,youtube,Campaign Negative Broad
GT | Search | Boru ve Tesisat Tamiri | Avrupa,video izle,Campaign Negative Broad
GT | Search | Boru ve Tesisat Tamiri | Avrupa,pdf,Campaign Negative Broad
GT | Search | Boru ve Tesisat Tamiri | Avrupa,meslek lisesi,Campaign Negative Broad
GT | Search | Boru ve Tesisat Tamiri | Avrupa,iş arıyorum,Campaign Negative Broad
GT | Search | Boru ve Tesisat Tamiri | Avrupa,tesisatçı olmak,Campaign Negative Broad
GT | Search | Boru ve Tesisat Tamiri | Avrupa,malzeme fiyatları,Campaign Negative Broad
GT | Search | Boru ve Tesisat Tamiri | Avrupa,toptan,Campaign Negative Broad
GT | Search | Boru ve Tesisat Tamiri | Avrupa,satılık,Campaign Negative Broad
GT | Search | Boru ve Tesisat Tamiri | Avrupa,ikinci el,Campaign Negative Broad
GT | Search | Boru ve Tesisat Tamiri | Avrupa,sahibinden,Campaign Negative Broad
GT | Search | Boru ve Tesisat Tamiri | Avrupa,hurda,Campaign Negative Broad
GT | Search | Boru ve Tesisat Tamiri | Avrupa,ankara,Campaign Negative Broad
GT | Search | Boru ve Tesisat Tamiri | Avrupa,izmir,Campaign Negative Broad
GT | Search | Boru ve Tesisat Tamiri | Avrupa,bursa,Campaign Negative Broad
GT | Search | Boru ve Tesisat Tamiri | Avrupa,antalya,Campaign Negative Broad
GT | Search | Boru ve Tesisat Tamiri | Avrupa,adana,Campaign Negative Broad
GT | Search | Boru ve Tesisat Tamiri | Avrupa,kocaeli,Campaign Negative Broad
GT | Search | Boru ve Tesisat Tamiri | Avrupa,sakarya,Campaign Negative Broad
GT | Search | Boru ve Tesisat Tamiri | Avrupa,tekirdağ,Campaign Negative Broad
GT | Search | Boru ve Tesisat Tamiri | Avrupa,eskişehir,Campaign Negative Broad
GT | Search | Boru ve Tesisat Tamiri | Avrupa,konya,Campaign Negative Broad
GT | Search | Boru ve Tesisat Tamiri | Avrupa,gaziantep,Campaign Negative Broad
GT | Search | Boru ve Tesisat Tamiri | Avrupa,kıbrıs,Campaign Negative Broad
GT | Search | Boru ve Tesisat Tamiri | Avrupa,almanya,Campaign Negative Broad
GT | Search | Boru ve Tesisat Tamiri | Avrupa,şikayet,Campaign Negative Broad
GT | Search | Boru ve Tesisat Tamiri | Avrupa,şikayetvar,Campaign Negative Broad
GT | Search | Boru ve Tesisat Tamiri | Avrupa,dava,Campaign Negative Broad
GT | Search | Boru ve Tesisat Tamiri | Avrupa,yönetmelik,Campaign Negative Broad
GT | Search | Boru ve Tesisat Tamiri | Avrupa,kanun,Campaign Negative Broad
GT | Search | Boru ve Tesisat Tamiri | Avrupa,belediye,Campaign Negative Broad
GT | Search | Boru ve Tesisat Tamiri | Avrupa,iski borç,Campaign Negative Broad
GT | Search | Boru ve Tesisat Tamiri | Avrupa,iski fatura,Campaign Negative Broad
GT | Search | Boru ve Tesisat Tamiri | Avrupa,abonelik,Campaign Negative Broad
GT | Search | Boru ve Tesisat Tamiri | Avrupa,su faturası ödeme,Campaign Negative Broad
GT | Search | Boru ve Tesisat Tamiri | Avrupa,iş makinesi,Campaign Negative Broad
GT | Search | Boru ve Tesisat Tamiri | Avrupa,kiralık,Campaign Negative Broad
GT | Search | Boru ve Tesisat Tamiri | Avrupa,kombi fiyatları,Campaign Negative Broad
GT | Search | Boru ve Tesisat Tamiri | Avrupa,kombi satın al,Campaign Negative Broad
GT | Search | Boru ve Tesisat Tamiri | Avrupa,petek fiyatları,Campaign Negative Broad
GT | Search | Boru ve Tesisat Tamiri | Avrupa,radyatör satın al,Campaign Negative Broad
GT | Search | Boru ve Tesisat Tamiri | Avrupa,boru fiyat listesi,Campaign Negative Broad
GT | Search | Boru ve Tesisat Tamiri | Avrupa,staj,Campaign Negative Broad
GT | Search | Boru ve Tesisat Tamiri | Avrupa,cv,Campaign Negative Broad
GT | Search | Boru ve Tesisat Tamiri | Anadolu,ücretsiz,Campaign Negative Broad
GT | Search | Boru ve Tesisat Tamiri | Anadolu,bedava,Campaign Negative Broad
GT | Search | Boru ve Tesisat Tamiri | Anadolu,iş ilanı,Campaign Negative Broad
GT | Search | Boru ve Tesisat Tamiri | Anadolu,eleman arıyorum,Campaign Negative Broad
GT | Search | Boru ve Tesisat Tamiri | Anadolu,eleman alınacak,Campaign Negative Broad
GT | Search | Boru ve Tesisat Tamiri | Anadolu,maaş,Campaign Negative Broad
GT | Search | Boru ve Tesisat Tamiri | Anadolu,kurs,Campaign Negative Broad
GT | Search | Boru ve Tesisat Tamiri | Anadolu,eğitim,Campaign Negative Broad
GT | Search | Boru ve Tesisat Tamiri | Anadolu,sertifika,Campaign Negative Broad
GT | Search | Boru ve Tesisat Tamiri | Anadolu,nasıl yapılır,Campaign Negative Broad
GT | Search | Boru ve Tesisat Tamiri | Anadolu,kendim,Campaign Negative Broad
GT | Search | Boru ve Tesisat Tamiri | Anadolu,diy,Campaign Negative Broad
GT | Search | Boru ve Tesisat Tamiri | Anadolu,youtube,Campaign Negative Broad
GT | Search | Boru ve Tesisat Tamiri | Anadolu,video izle,Campaign Negative Broad
GT | Search | Boru ve Tesisat Tamiri | Anadolu,pdf,Campaign Negative Broad
GT | Search | Boru ve Tesisat Tamiri | Anadolu,meslek lisesi,Campaign Negative Broad
GT | Search | Boru ve Tesisat Tamiri | Anadolu,iş arıyorum,Campaign Negative Broad
GT | Search | Boru ve Tesisat Tamiri | Anadolu,tesisatçı olmak,Campaign Negative Broad
GT | Search | Boru ve Tesisat Tamiri | Anadolu,malzeme fiyatları,Campaign Negative Broad
GT | Search | Boru ve Tesisat Tamiri | Anadolu,toptan,Campaign Negative Broad
GT | Search | Boru ve Tesisat Tamiri | Anadolu,satılık,Campaign Negative Broad
GT | Search | Boru ve Tesisat Tamiri | Anadolu,ikinci el,Campaign Negative Broad
GT | Search | Boru ve Tesisat Tamiri | Anadolu,sahibinden,Campaign Negative Broad
GT | Search | Boru ve Tesisat Tamiri | Anadolu,hurda,Campaign Negative Broad
GT | Search | Boru ve Tesisat Tamiri | Anadolu,ankara,Campaign Negative Broad
GT | Search | Boru ve Tesisat Tamiri | Anadolu,izmir,Campaign Negative Broad
GT | Search | Boru ve Tesisat Tamiri | Anadolu,bursa,Campaign Negative Broad
GT | Search | Boru ve Tesisat Tamiri | Anadolu,antalya,Campaign Negative Broad
GT | Search | Boru ve Tesisat Tamiri | Anadolu,adana,Campaign Negative Broad
GT | Search | Boru ve Tesisat Tamiri | Anadolu,kocaeli,Campaign Negative Broad
GT | Search | Boru ve Tesisat Tamiri | Anadolu,sakarya,Campaign Negative Broad
GT | Search | Boru ve Tesisat Tamiri | Anadolu,tekirdağ,Campaign Negative Broad
GT | Search | Boru ve Tesisat Tamiri | Anadolu,eskişehir,Campaign Negative Broad
GT | Search | Boru ve Tesisat Tamiri | Anadolu,konya,Campaign Negative Broad
GT | Search | Boru ve Tesisat Tamiri | Anadolu,gaziantep,Campaign Negative Broad
GT | Search | Boru ve Tesisat Tamiri | Anadolu,kıbrıs,Campaign Negative Broad
GT | Search | Boru ve Tesisat Tamiri | Anadolu,almanya,Campaign Negative Broad
GT | Search | Boru ve Tesisat Tamiri | Anadolu,şikayet,Campaign Negative Broad
GT | Search | Boru ve Tesisat Tamiri | Anadolu,şikayetvar,Campaign Negative Broad
GT | Search | Boru ve Tesisat Tamiri | Anadolu,dava,Campaign Negative Broad
GT | Search | Boru ve Tesisat Tamiri | Anadolu,yönetmelik,Campaign Negative Broad
GT | Search | Boru ve Tesisat Tamiri | Anadolu,kanun,Campaign Negative Broad
GT | Search | Boru ve Tesisat Tamiri | Anadolu,belediye,Campaign Negative Broad
GT | Search | Boru ve Tesisat Tamiri | Anadolu,iski borç,Campaign Negative Broad
GT | Search | Boru ve Tesisat Tamiri | Anadolu,iski fatura,Campaign Negative Broad
GT | Search | Boru ve Tesisat Tamiri | Anadolu,abonelik,Campaign Negative Broad
GT | Search | Boru ve Tesisat Tamiri | Anadolu,su faturası ödeme,Campaign Negative Broad
GT | Search | Boru ve Tesisat Tamiri | Anadolu,iş makinesi,Campaign Negative Broad
GT | Search | Boru ve Tesisat Tamiri | Anadolu,kiralık,Campaign Negative Broad
GT | Search | Boru ve Tesisat Tamiri | Anadolu,kombi fiyatları,Campaign Negative Broad
GT | Search | Boru ve Tesisat Tamiri | Anadolu,kombi satın al,Campaign Negative Broad
GT | Search | Boru ve Tesisat Tamiri | Anadolu,petek fiyatları,Campaign Negative Broad
GT | Search | Boru ve Tesisat Tamiri | Anadolu,radyatör satın al,Campaign Negative Broad
GT | Search | Boru ve Tesisat Tamiri | Anadolu,boru fiyat listesi,Campaign Negative Broad
GT | Search | Boru ve Tesisat Tamiri | Anadolu,staj,Campaign Negative Broad
GT | Search | Boru ve Tesisat Tamiri | Anadolu,cv,Campaign Negative Broad
GT | Search | Kamera ile Gider Kontrolu | Avrupa,ücretsiz,Campaign Negative Broad
GT | Search | Kamera ile Gider Kontrolu | Avrupa,bedava,Campaign Negative Broad
GT | Search | Kamera ile Gider Kontrolu | Avrupa,iş ilanı,Campaign Negative Broad
GT | Search | Kamera ile Gider Kontrolu | Avrupa,eleman arıyorum,Campaign Negative Broad
GT | Search | Kamera ile Gider Kontrolu | Avrupa,eleman alınacak,Campaign Negative Broad
GT | Search | Kamera ile Gider Kontrolu | Avrupa,maaş,Campaign Negative Broad
GT | Search | Kamera ile Gider Kontrolu | Avrupa,kurs,Campaign Negative Broad
GT | Search | Kamera ile Gider Kontrolu | Avrupa,eğitim,Campaign Negative Broad
GT | Search | Kamera ile Gider Kontrolu | Avrupa,sertifika,Campaign Negative Broad
GT | Search | Kamera ile Gider Kontrolu | Avrupa,nasıl yapılır,Campaign Negative Broad
GT | Search | Kamera ile Gider Kontrolu | Avrupa,kendim,Campaign Negative Broad
GT | Search | Kamera ile Gider Kontrolu | Avrupa,diy,Campaign Negative Broad
GT | Search | Kamera ile Gider Kontrolu | Avrupa,youtube,Campaign Negative Broad
GT | Search | Kamera ile Gider Kontrolu | Avrupa,video izle,Campaign Negative Broad
GT | Search | Kamera ile Gider Kontrolu | Avrupa,pdf,Campaign Negative Broad
GT | Search | Kamera ile Gider Kontrolu | Avrupa,meslek lisesi,Campaign Negative Broad
GT | Search | Kamera ile Gider Kontrolu | Avrupa,iş arıyorum,Campaign Negative Broad
GT | Search | Kamera ile Gider Kontrolu | Avrupa,tesisatçı olmak,Campaign Negative Broad
GT | Search | Kamera ile Gider Kontrolu | Avrupa,malzeme fiyatları,Campaign Negative Broad
GT | Search | Kamera ile Gider Kontrolu | Avrupa,toptan,Campaign Negative Broad
GT | Search | Kamera ile Gider Kontrolu | Avrupa,satılık,Campaign Negative Broad
GT | Search | Kamera ile Gider Kontrolu | Avrupa,ikinci el,Campaign Negative Broad
GT | Search | Kamera ile Gider Kontrolu | Avrupa,sahibinden,Campaign Negative Broad
GT | Search | Kamera ile Gider Kontrolu | Avrupa,hurda,Campaign Negative Broad
GT | Search | Kamera ile Gider Kontrolu | Avrupa,ankara,Campaign Negative Broad
GT | Search | Kamera ile Gider Kontrolu | Avrupa,izmir,Campaign Negative Broad
GT | Search | Kamera ile Gider Kontrolu | Avrupa,bursa,Campaign Negative Broad
GT | Search | Kamera ile Gider Kontrolu | Avrupa,antalya,Campaign Negative Broad
GT | Search | Kamera ile Gider Kontrolu | Avrupa,adana,Campaign Negative Broad
GT | Search | Kamera ile Gider Kontrolu | Avrupa,kocaeli,Campaign Negative Broad
GT | Search | Kamera ile Gider Kontrolu | Avrupa,sakarya,Campaign Negative Broad
GT | Search | Kamera ile Gider Kontrolu | Avrupa,tekirdağ,Campaign Negative Broad
GT | Search | Kamera ile Gider Kontrolu | Avrupa,eskişehir,Campaign Negative Broad
GT | Search | Kamera ile Gider Kontrolu | Avrupa,konya,Campaign Negative Broad
GT | Search | Kamera ile Gider Kontrolu | Avrupa,gaziantep,Campaign Negative Broad
GT | Search | Kamera ile Gider Kontrolu | Avrupa,kıbrıs,Campaign Negative Broad
GT | Search | Kamera ile Gider Kontrolu | Avrupa,almanya,Campaign Negative Broad
GT | Search | Kamera ile Gider Kontrolu | Avrupa,şikayet,Campaign Negative Broad
GT | Search | Kamera ile Gider Kontrolu | Avrupa,şikayetvar,Campaign Negative Broad
GT | Search | Kamera ile Gider Kontrolu | Avrupa,dava,Campaign Negative Broad
GT | Search | Kamera ile Gider Kontrolu | Avrupa,yönetmelik,Campaign Negative Broad
GT | Search | Kamera ile Gider Kontrolu | Avrupa,kanun,Campaign Negative Broad
GT | Search | Kamera ile Gider Kontrolu | Avrupa,belediye,Campaign Negative Broad
GT | Search | Kamera ile Gider Kontrolu | Avrupa,iski borç,Campaign Negative Broad
GT | Search | Kamera ile Gider Kontrolu | Avrupa,iski fatura,Campaign Negative Broad
GT | Search | Kamera ile Gider Kontrolu | Avrupa,abonelik,Campaign Negative Broad
GT | Search | Kamera ile Gider Kontrolu | Avrupa,su faturası ödeme,Campaign Negative Broad
GT | Search | Kamera ile Gider Kontrolu | Avrupa,iş makinesi,Campaign Negative Broad
GT | Search | Kamera ile Gider Kontrolu | Avrupa,kiralık,Campaign Negative Broad
GT | Search | Kamera ile Gider Kontrolu | Avrupa,kombi fiyatları,Campaign Negative Broad
GT | Search | Kamera ile Gider Kontrolu | Avrupa,kombi satın al,Campaign Negative Broad
GT | Search | Kamera ile Gider Kontrolu | Avrupa,petek fiyatları,Campaign Negative Broad
GT | Search | Kamera ile Gider Kontrolu | Avrupa,radyatör satın al,Campaign Negative Broad
GT | Search | Kamera ile Gider Kontrolu | Avrupa,boru fiyat listesi,Campaign Negative Broad
GT | Search | Kamera ile Gider Kontrolu | Avrupa,staj,Campaign Negative Broad
GT | Search | Kamera ile Gider Kontrolu | Avrupa,cv,Campaign Negative Broad
GT | Search | Kamera ile Gider Kontrolu | Anadolu,ücretsiz,Campaign Negative Broad
GT | Search | Kamera ile Gider Kontrolu | Anadolu,bedava,Campaign Negative Broad
GT | Search | Kamera ile Gider Kontrolu | Anadolu,iş ilanı,Campaign Negative Broad
GT | Search | Kamera ile Gider Kontrolu | Anadolu,eleman arıyorum,Campaign Negative Broad
GT | Search | Kamera ile Gider Kontrolu | Anadolu,eleman alınacak,Campaign Negative Broad
GT | Search | Kamera ile Gider Kontrolu | Anadolu,maaş,Campaign Negative Broad
GT | Search | Kamera ile Gider Kontrolu | Anadolu,kurs,Campaign Negative Broad
GT | Search | Kamera ile Gider Kontrolu | Anadolu,eğitim,Campaign Negative Broad
GT | Search | Kamera ile Gider Kontrolu | Anadolu,sertifika,Campaign Negative Broad
GT | Search | Kamera ile Gider Kontrolu | Anadolu,nasıl yapılır,Campaign Negative Broad
GT | Search | Kamera ile Gider Kontrolu | Anadolu,kendim,Campaign Negative Broad
GT | Search | Kamera ile Gider Kontrolu | Anadolu,diy,Campaign Negative Broad
GT | Search | Kamera ile Gider Kontrolu | Anadolu,youtube,Campaign Negative Broad
GT | Search | Kamera ile Gider Kontrolu | Anadolu,video izle,Campaign Negative Broad
GT | Search | Kamera ile Gider Kontrolu | Anadolu,pdf,Campaign Negative Broad
GT | Search | Kamera ile Gider Kontrolu | Anadolu,meslek lisesi,Campaign Negative Broad
GT | Search | Kamera ile Gider Kontrolu | Anadolu,iş arıyorum,Campaign Negative Broad
GT | Search | Kamera ile Gider Kontrolu | Anadolu,tesisatçı olmak,Campaign Negative Broad
GT | Search | Kamera ile Gider Kontrolu | Anadolu,malzeme fiyatları,Campaign Negative Broad
GT | Search | Kamera ile Gider Kontrolu | Anadolu,toptan,Campaign Negative Broad
GT | Search | Kamera ile Gider Kontrolu | Anadolu,satılık,Campaign Negative Broad
GT | Search | Kamera ile Gider Kontrolu | Anadolu,ikinci el,Campaign Negative Broad
GT | Search | Kamera ile Gider Kontrolu | Anadolu,sahibinden,Campaign Negative Broad
GT | Search | Kamera ile Gider Kontrolu | Anadolu,hurda,Campaign Negative Broad
GT | Search | Kamera ile Gider Kontrolu | Anadolu,ankara,Campaign Negative Broad
GT | Search | Kamera ile Gider Kontrolu | Anadolu,izmir,Campaign Negative Broad
GT | Search | Kamera ile Gider Kontrolu | Anadolu,bursa,Campaign Negative Broad
GT | Search | Kamera ile Gider Kontrolu | Anadolu,antalya,Campaign Negative Broad
GT | Search | Kamera ile Gider Kontrolu | Anadolu,adana,Campaign Negative Broad
GT | Search | Kamera ile Gider Kontrolu | Anadolu,kocaeli,Campaign Negative Broad
GT | Search | Kamera ile Gider Kontrolu | Anadolu,sakarya,Campaign Negative Broad
GT | Search | Kamera ile Gider Kontrolu | Anadolu,tekirdağ,Campaign Negative Broad
GT | Search | Kamera ile Gider Kontrolu | Anadolu,eskişehir,Campaign Negative Broad
GT | Search | Kamera ile Gider Kontrolu | Anadolu,konya,Campaign Negative Broad
GT | Search | Kamera ile Gider Kontrolu | Anadolu,gaziantep,Campaign Negative Broad
GT | Search | Kamera ile Gider Kontrolu | Anadolu,kıbrıs,Campaign Negative Broad
GT | Search | Kamera ile Gider Kontrolu | Anadolu,almanya,Campaign Negative Broad
GT | Search | Kamera ile Gider Kontrolu | Anadolu,şikayet,Campaign Negative Broad
GT | Search | Kamera ile Gider Kontrolu | Anadolu,şikayetvar,Campaign Negative Broad
GT | Search | Kamera ile Gider Kontrolu | Anadolu,dava,Campaign Negative Broad
GT | Search | Kamera ile Gider Kontrolu | Anadolu,yönetmelik,Campaign Negative Broad
GT | Search | Kamera ile Gider Kontrolu | Anadolu,kanun,Campaign Negative Broad
GT | Search | Kamera ile Gider Kontrolu | Anadolu,belediye,Campaign Negative Broad
GT | Search | Kamera ile Gider Kontrolu | Anadolu,iski borç,Campaign Negative Broad
GT | Search | Kamera ile Gider Kontrolu | Anadolu,iski fatura,Campaign Negative Broad
GT | Search | Kamera ile Gider Kontrolu | Anadolu,abonelik,Campaign Negative Broad
GT | Search | Kamera ile Gider Kontrolu | Anadolu,su faturası ödeme,Campaign Negative Broad
GT | Search | Kamera ile Gider Kontrolu | Anadolu,iş makinesi,Campaign Negative Broad
GT | Search | Kamera ile Gider Kontrolu | Anadolu,kiralık,Campaign Negative Broad
GT | Search | Kamera ile Gider Kontrolu | Anadolu,kombi fiyatları,Campaign Negative Broad
GT | Search | Kamera ile Gider Kontrolu | Anadolu,kombi satın al,Campaign Negative Broad
GT | Search | Kamera ile Gider Kontrolu | Anadolu,petek fiyatları,Campaign Negative Broad
GT | Search | Kamera ile Gider Kontrolu | Anadolu,radyatör satın al,Campaign Negative Broad
GT | Search | Kamera ile Gider Kontrolu | Anadolu,boru fiyat listesi,Campaign Negative Broad
GT | Search | Kamera ile Gider Kontrolu | Anadolu,staj,Campaign Negative Broad
GT | Search | Kamera ile Gider Kontrolu | Anadolu,cv,Campaign Negative Broad
