Campaign,Location,Hedefleme Tipi,Not
GT | Search | Acil Tesisatçı | Avrupa,"Bebek, Beşiktaş, İstanbul",Yarıçap 3 km (radius targeting),Mahalle/semt: Bebek — konum ara kutusuna yazıp yarıçap seçin
GT | Search | Acil Tesisatçı | Avrupa,"Nişantaşı, Şişli, İstanbul",Yarıçap 3 km (radius targeting),Mahalle/semt: Nişantaşı — konum ara kutusuna yazıp yarıçap seçin
GT | Search | Acil Tesisatçı | Avrupa,"Etiler, Beşiktaş, İstanbul",Yarıçap 3 km (radius targeting),Mahalle/semt: Etiler — konum ara kutusuna yazıp yarıçap seçin
GT | Search | Acil Tesisatçı | Avrupa,"Levent, Beşiktaş, İstanbul",Yarıçap 3 km (radius targeting),Mahalle/semt: Levent — konum ara kutusuna yazıp yarıçap seçin
GT | Search | Acil Tesisatçı | Avrupa,"Zekeriyaköy, Sarıyer, İstanbul",Yarıçap 3 km (radius targeting),Mahalle/semt: Zekeriyaköy — konum ara kutusuna yazıp yarıçap seçin
GT | Search | Acil Tesisatçı | Avrupa,"Ulus, Beşiktaş, İstanbul",Yarıçap 3 km (radius targeting),Mahalle/semt: Ulus — konum ara kutusuna yazıp yarıçap seçin
GT | Search | Acil Tesisatçı | Avrupa,"Ortaköy, Beşiktaş, İstanbul",Yarıçap 3 km (radius targeting),Mahalle/semt: Ortaköy — konum ara kutusuna yazıp yarıçap seçin
GT | Search | Acil Tesisatçı | Avrupa,"Tarabya, Sarıyer, İstanbul",Yarıçap 3 km (radius targeting),Mahalle/semt: Tarabya — konum ara kutusuna yazıp yarıçap seçin
GT | Search | Acil Tesisatçı | Avrupa,"Kemerburgaz, Eyüpsultan, İstanbul",Yarıçap 3 km (radius targeting),Mahalle/semt: Kemerburgaz — konum ara kutusuna yazıp yarıçap seçin
GT | Search | Acil Tesisatçı | Avrupa,"Göktürk, Eyüpsultan, İstanbul",Yarıçap 3 km (radius targeting),Mahalle/semt: Göktürk — konum ara kutusuna yazıp yarıçap seçin
GT | Search | Acil Tesisatçı | Avrupa,"Sarıyer, İstanbul, Türkiye",İlçe (doğrudan hedefle),Google Ads listesinde ilçe olarak bulunur
GT | Search | Acil Tesisatçı | Avrupa,"Beşiktaş, İstanbul, Türkiye",İlçe (doğrudan hedefle),Google Ads listesinde ilçe olarak bulunur
GT | Search | Acil Tesisatçı | Avrupa,"Şişli, İstanbul, Türkiye",İlçe (doğrudan hedefle),Google Ads listesinde ilçe olarak bulunur
GT | Search | Acil Tesisatçı | Avrupa,"Eyüpsultan, İstanbul, Türkiye",İlçe (doğrudan hedefle),Google Ads listesinde ilçe olarak bulunur
GT | Search | Acil Tesisatçı | Avrupa,"Fatih, İstanbul, Türkiye",İlçe (doğrudan hedefle),Google Ads listesinde ilçe olarak bulunur
GT | Search | Acil Tesisatçı | Avrupa,"Zeytinburnu, İstanbul, Türkiye",İlçe (doğrudan hedefle),Google Ads listesinde ilçe olarak bulunur
GT | Search | Acil Tesisatçı | Avrupa,"Kağıthane, İstanbul, Türkiye",İlçe (doğrudan hedefle),Google Ads listesinde ilçe olarak bulunur
GT | Search | Acil Tesisatçı | Avrupa,"Güngören, İstanbul, Türkiye",İlçe (doğrudan hedefle),Google Ads listesinde ilçe olarak bulunur
GT | Search | Acil Tesisatçı | Avrupa,"Gaziosmanpaşa, İstanbul, Türkiye",İlçe (doğrudan hedefle),Google Ads listesinde ilçe olarak bulunur
GT | Search | Acil Tesisatçı | Avrupa,"Beyoğlu, İstanbul, Türkiye",İlçe (doğrudan hedefle),Google Ads listesinde ilçe olarak bulunur
GT | Search | Acil Tesisatçı | Avrupa,"Bayrampaşa, İstanbul, Türkiye",İlçe (doğrudan hedefle),Google Ads listesinde ilçe olarak bulunur
GT | Search | Acil Tesisatçı | Avrupa,"Bakırköy, İstanbul, Türkiye",İlçe (doğrudan hedefle),Google Ads listesinde ilçe olarak bulunur
GT | Search | Acil Tesisatçı | Avrupa,"Bahçelievler, İstanbul, Türkiye",İlçe (doğrudan hedefle),Google Ads listesinde ilçe olarak bulunur
GT | Search | Acil Tesisatçı | Avrupa,"Bağcılar, İstanbul, Türkiye",İlçe (doğrudan hedefle),Google Ads listesinde ilçe olarak bulunur
GT | Search | Acil Tesisatçı | Anadolu,"Kadıköy, İstanbul, Türkiye",İlçe (doğrudan hedefle),Google Ads listesinde ilçe olarak bulunur
GT | Search | Acil Tesisatçı | Anadolu,"Moda, Kadıköy, İstanbul",Yarıçap 3 km (radius targeting),Mahalle/semt: Moda — konum ara kutusuna yazıp yarıçap seçin
GT | Search | Acil Tesisatçı | Anadolu,"Fikirtepe, Kadıköy, İstanbul",Yarıçap 3 km (radius targeting),Mahalle/semt: Fikirtepe — konum ara kutusuna yazıp yarıçap seçin
GT | Search | Acil Tesisatçı | Anadolu,"Erenköy, Kadıköy, İstanbul",Yarıçap 3 km (radius targeting),Mahalle/semt: Erenköy — konum ara kutusuna yazıp yarıçap seçin
GT | Search | Acil Tesisatçı | Anadolu,"Göztepe, Kadıköy, İstanbul",Yarıçap 3 km (radius targeting),Mahalle/semt: Göztepe — konum ara kutusuna yazıp yarıçap seçin
GT | Search | Acil Tesisatçı | Anadolu,"Caddebostan, Kadıköy, İstanbul",Yarıçap 3 km (radius targeting),Mahalle/semt: Caddebostan — konum ara kutusuna yazıp yarıçap seçin
GT | Search | Acil Tesisatçı | Anadolu,"Suadiye, Kadıköy, İstanbul",Yarıçap 3 km (radius targeting),Mahalle/semt: Suadiye — konum ara kutusuna yazıp yarıçap seçin
GT | Search | Acil Tesisatçı | Anadolu,"Bağdat Caddesi, Kadıköy, İstanbul",Yarıçap 3 km (radius targeting),Mahalle/semt: Bağdat Caddesi — konum ara kutusuna yazıp yarıçap seçin
GT | Search | Acil Tesisatçı | Anadolu,"Üsküdar, İstanbul, Türkiye",İlçe (doğrudan hedefle),Google Ads listesinde ilçe olarak bulunur
GT | Search | Acil Tesisatçı | Anadolu,"Çengelköy, Üsküdar, İstanbul",Yarıçap 3 km (radius targeting),Mahalle/semt: Çengelköy — konum ara kutusuna yazıp yarıçap seçin
GT | Search | Acil Tesisatçı | Anadolu,"Kuzguncuk, Üsküdar, İstanbul",Yarıçap 3 km (radius targeting),Mahalle/semt: Kuzguncuk — konum ara kutusuna yazıp yarıçap seçin
GT | Search | Acil Tesisatçı | Anadolu,"Beylerbeyi, Üsküdar, İstanbul",Yarıçap 3 km (radius targeting),Mahalle/semt: Beylerbeyi — konum ara kutusuna yazıp yarıçap seçin
GT | Search | Acil Tesisatçı | Anadolu,"Kandilli, Üsküdar, İstanbul",Yarıçap 3 km (radius targeting),Mahalle/semt: Kandilli — konum ara kutusuna yazıp yarıçap seçin
GT | Search | Acil Tesisatçı | Anadolu,"Kanlıca, Beykoz, İstanbul",Yarıçap 3 km (radius targeting),Mahalle/semt: Kanlıca — konum ara kutusuna yazıp yarıçap seçin
GT | Search | Acil Tesisatçı | Anadolu,"Acarkent, Beykoz, İstanbul",Yarıçap 3 km (radius targeting),Mahalle/semt: Acarkent — konum ara kutusuna yazıp yarıçap seçin
GT | Search | Acil Tesisatçı | Anadolu,"Beykoz, İstanbul, Türkiye",İlçe (doğrudan hedefle),Google Ads listesinde ilçe olarak bulunur
GT | Search | Acil Tesisatçı | Anadolu,"Maltepe, İstanbul, Türkiye",İlçe (doğrudan hedefle),Google Ads listesinde ilçe olarak bulunur
GT | Search | Acil Tesisatçı | Anadolu,"Küçükyalı, Maltepe, İstanbul",Yarıçap 3 km (radius targeting),Mahalle/semt: Küçükyalı — konum ara kutusuna yazıp yarıçap seçin
GT | Search | Acil Tesisatçı | Anadolu,"Kartal, İstanbul, Türkiye",İlçe (doğrudan hedefle),Google Ads listesinde ilçe olarak bulunur
GT | Search | Acil Tesisatçı | Anadolu,"Pendik, İstanbul, Türkiye",İlçe (doğrudan hedefle),Google Ads listesinde ilçe olarak bulunur
GT | Search | Acil Tesisatçı | Anadolu,"Kurtköy, Pendik, İstanbul",Yarıçap 3 km (radius targeting),Mahalle/semt: Kurtköy — konum ara kutusuna yazıp yarıçap seçin
GT | Search | Acil Tesisatçı | Anadolu,"Tuzla, İstanbul, Türkiye",İlçe (doğrudan hedefle),Google Ads listesinde ilçe olarak bulunur
GT | Search | Acil Tesisatçı | Anadolu,"Ataşehir, İstanbul, Türkiye",İlçe (doğrudan hedefle),Google Ads listesinde ilçe olarak bulunur
GT | Search | Acil Tesisatçı | Anadolu,"İçerenköy, Ataşehir, İstanbul",Yarıçap 3 km (radius targeting),Mahalle/semt: İçerenköy — konum ara kutusuna yazıp yarıçap seçin
GT | Search | Acil Tesisatçı | Anadolu,"Kayışdağı, Ataşehir, İstanbul",Yarıçap 3 km (radius targeting),Mahalle/semt: Kayışdağı — konum ara kutusuna yazıp yarıçap seçin
GT | Search | Acil Tesisatçı | Anadolu,"Ferhatpaşa, Ataşehir, İstanbul",Yarıçap 3 km (radius targeting),Mahalle/semt: Ferhatpaşa — konum ara kutusuna yazıp yarıçap seçin
GT | Search | Acil Tesisatçı | Anadolu,"Ümraniye, İstanbul, Türkiye",İlçe (doğrudan hedefle),Google Ads listesinde ilçe olarak bulunur
GT | Search | Acil Tesisatçı | Anadolu,"Dudullu, Ümraniye, İstanbul",Yarıçap 3 km (radius targeting),Mahalle/semt: Dudullu — konum ara kutusuna yazıp yarıçap seçin
GT | Search | Acil Tesisatçı | Anadolu,"Çekmeköy, İstanbul, Türkiye",İlçe (doğrudan hedefle),Google Ads listesinde ilçe olarak bulunur
GT | Search | Acil Tesisatçı | Anadolu,"Alemdağ, Çekmeköy, İstanbul",Yarıçap 3 km (radius targeting),Mahalle/semt: Alemdağ — konum ara kutusuna yazıp yarıçap seçin
GT | Search | Acil Tesisatçı | Anadolu,"Taşdelen, Çekmeköy, İstanbul",Yarıçap 3 km (radius targeting),Mahalle/semt: Taşdelen — konum ara kutusuna yazıp yarıçap seçin
GT | Search | Acil Tesisatçı | Anadolu,"Reşadiye, Çekmeköy, İstanbul",Yarıçap 3 km (radius targeting),Mahalle/semt: Reşadiye — konum ara kutusuna yazıp yarıçap seçin
GT | Search | Acil Tesisatçı | Anadolu,"Yenidoğan, Sancaktepe, İstanbul",Yarıçap 3 km (radius targeting),Mahalle/semt: Yenidoğan — konum ara kutusuna yazıp yarıçap seçin
GT | Search | Acil Tesisatçı | Anadolu,"Sultanbeyli, İstanbul, Türkiye",İlçe (doğrudan hedefle),Google Ads listesinde ilçe olarak bulunur
GT | Search | Su Kacagi Tespiti | Avrupa,"Bebek, Beşiktaş, İstanbul",Yarıçap 3 km (radius targeting),Mahalle/semt: Bebek — konum ara kutusuna yazıp yarıçap seçin
GT | Search | Su Kacagi Tespiti | Avrupa,"Nişantaşı, Şişli, İstanbul",Yarıçap 3 km (radius targeting),Mahalle/semt: Nişantaşı — konum ara kutusuna yazıp yarıçap seçin
GT | Search | Su Kacagi Tespiti | Avrupa,"Etiler, Beşiktaş, İstanbul",Yarıçap 3 km (radius targeting),Mahalle/semt: Etiler — konum ara kutusuna yazıp yarıçap seçin
GT | Search | Su Kacagi Tespiti | Avrupa,"Levent, Beşiktaş, İstanbul",Yarıçap 3 km (radius targeting),Mahalle/semt: Levent — konum ara kutusuna yazıp yarıçap seçin
GT | Search | Su Kacagi Tespiti | Avrupa,"Zekeriyaköy, Sarıyer, İstanbul",Yarıçap 3 km (radius targeting),Mahalle/semt: Zekeriyaköy — konum ara kutusuna yazıp yarıçap seçin
GT | Search | Su Kacagi Tespiti | Avrupa,"Ulus, Beşiktaş, İstanbul",Yarıçap 3 km (radius targeting),Mahalle/semt: Ulus — konum ara kutusuna yazıp yarıçap seçin
GT | Search | Su Kacagi Tespiti | Avrupa,"Ortaköy, Beşiktaş, İstanbul",Yarıçap 3 km (radius targeting),Mahalle/semt: Ortaköy — konum ara kutusuna yazıp yarıçap seçin
GT | Search | Su Kacagi Tespiti | Avrupa,"Tarabya, Sarıyer, İstanbul",Yarıçap 3 km (radius targeting),Mahalle/semt: Tarabya — konum ara kutusuna yazıp yarıçap seçin
GT | Search | Su Kacagi Tespiti | Avrupa,"Kemerburgaz, Eyüpsultan, İstanbul",Yarıçap 3 km (radius targeting),Mahalle/semt: Kemerburgaz — konum ara kutusuna yazıp yarıçap seçin
GT | Search | Su Kacagi Tespiti | Avrupa,"Göktürk, Eyüpsultan, İstanbul",Yarıçap 3 km (radius targeting),Mahalle/semt: Göktürk — konum ara kutusuna yazıp yarıçap seçin
GT | Search | Su Kacagi Tespiti | Avrupa,"Sarıyer, İstanbul, Türkiye",İlçe (doğrudan hedefle),Google Ads listesinde ilçe olarak bulunur
GT | Search | Su Kacagi Tespiti | Avrupa,"Beşiktaş, İstanbul, Türkiye",İlçe (doğrudan hedefle),Google Ads listesinde ilçe olarak bulunur
GT | Search | Su Kacagi Tespiti | Avrupa,"Şişli, İstanbul, Türkiye",İlçe (doğrudan hedefle),Google Ads listesinde ilçe olarak bulunur
GT | Search | Su Kacagi Tespiti | Avrupa,"Eyüpsultan, İstanbul, Türkiye",İlçe (doğrudan hedefle),Google Ads listesinde ilçe olarak bulunur
GT | Search | Su Kacagi Tespiti | Avrupa,"Fatih, İstanbul, Türkiye",İlçe (doğrudan hedefle),Google Ads listesinde ilçe olarak bulunur
GT | Search | Su Kacagi Tespiti | Avrupa,"Zeytinburnu, İstanbul, Türkiye",İlçe (doğrudan hedefle),Google Ads listesinde ilçe olarak bulunur
GT | Search | Su Kacagi Tespiti | Avrupa,"Kağıthane, İstanbul, Türkiye",İlçe (doğrudan hedefle),Google Ads listesinde ilçe olarak bulunur
GT | Search | Su Kacagi Tespiti | Avrupa,"Güngören, İstanbul, Türkiye",İlçe (doğrudan hedefle),Google Ads listesinde ilçe olarak bulunur
GT | Search | Su Kacagi Tespiti | Avrupa,"Gaziosmanpaşa, İstanbul, Türkiye",İlçe (doğrudan hedefle),Google Ads listesinde ilçe olarak bulunur
GT | Search | Su Kacagi Tespiti | Avrupa,"Beyoğlu, İstanbul, Türkiye",İlçe (doğrudan hedefle),Google Ads listesinde ilçe olarak bulunur
GT | Search | Su Kacagi Tespiti | Avrupa,"Bayrampaşa, İstanbul, Türkiye",İlçe (doğrudan hedefle),Google Ads listesinde ilçe olarak bulunur
GT | Search | Su Kacagi Tespiti | Avrupa,"Bakırköy, İstanbul, Türkiye",İlçe (doğrudan hedefle),Google Ads listesinde ilçe olarak bulunur
GT | Search | Su Kacagi Tespiti | Avrupa,"Bahçelievler, İstanbul, Türkiye",İlçe (doğrudan hedefle),Google Ads listesinde ilçe olarak bulunur
GT | Search | Su Kacagi Tespiti | Avrupa,"Bağcılar, İstanbul, Türkiye",İlçe (doğrudan hedefle),Google Ads listesinde ilçe olarak bulunur
GT | Search | Su Kacagi Tespiti | Anadolu,"Kadıköy, İstanbul, Türkiye",İlçe (doğrudan hedefle),Google Ads listesinde ilçe olarak bulunur
GT | Search | Su Kacagi Tespiti | Anadolu,"Moda, Kadıköy, İstanbul",Yarıçap 3 km (radius targeting),Mahalle/semt: Moda — konum ara kutusuna yazıp yarıçap seçin
GT | Search | Su Kacagi Tespiti | Anadolu,"Fikirtepe, Kadıköy, İstanbul",Yarıçap 3 km (radius targeting),Mahalle/semt: Fikirtepe — konum ara kutusuna yazıp yarıçap seçin
GT | Search | Su Kacagi Tespiti | Anadolu,"Erenköy, Kadıköy, İstanbul",Yarıçap 3 km (radius targeting),Mahalle/semt: Erenköy — konum ara kutusuna yazıp yarıçap seçin
GT | Search | Su Kacagi Tespiti | Anadolu,"Göztepe, Kadıköy, İstanbul",Yarıçap 3 km (radius targeting),Mahalle/semt: Göztepe — konum ara kutusuna yazıp yarıçap seçin
GT | Search | Su Kacagi Tespiti | Anadolu,"Caddebostan, Kadıköy, İstanbul",Yarıçap 3 km (radius targeting),Mahalle/semt: Caddebostan — konum ara kutusuna yazıp yarıçap seçin
GT | Search | Su Kacagi Tespiti | Anadolu,"Suadiye, Kadıköy, İstanbul",Yarıçap 3 km (radius targeting),Mahalle/semt: Suadiye — konum ara kutusuna yazıp yarıçap seçin
GT | Search | Su Kacagi Tespiti | Anadolu,"Bağdat Caddesi, Kadıköy, İstanbul",Yarıçap 3 km (radius targeting),Mahalle/semt: Bağdat Caddesi — konum ara kutusuna yazıp yarıçap seçin
GT | Search | Su Kacagi Tespiti | Anadolu,"Üsküdar, İstanbul, Türkiye",İlçe (doğrudan hedefle),Google Ads listesinde ilçe olarak bulunur
GT | Search | Su Kacagi Tespiti | Anadolu,"Çengelköy, Üsküdar, İstanbul",Yarıçap 3 km (radius targeting),Mahalle/semt: Çengelköy — konum ara kutusuna yazıp yarıçap seçin
GT | Search | Su Kacagi Tespiti | Anadolu,"Kuzguncuk, Üsküdar, İstanbul",Yarıçap 3 km (radius targeting),Mahalle/semt: Kuzguncuk — konum ara kutusuna yazıp yarıçap seçin
GT | Search | Su Kacagi Tespiti | Anadolu,"Beylerbeyi, Üsküdar, İstanbul",Yarıçap 3 km (radius targeting),Mahalle/semt: Beylerbeyi — konum ara kutusuna yazıp yarıçap seçin
GT | Search | Su Kacagi Tespiti | Anadolu,"Kandilli, Üsküdar, İstanbul",Yarıçap 3 km (radius targeting),Mahalle/semt: Kandilli — konum ara kutusuna yazıp yarıçap seçin
GT | Search | Su Kacagi Tespiti | Anadolu,"Kanlıca, Beykoz, İstanbul",Yarıçap 3 km (radius targeting),Mahalle/semt: Kanlıca — konum ara kutusuna yazıp yarıçap seçin
GT | Search | Su Kacagi Tespiti | Anadolu,"Acarkent, Beykoz, İstanbul",Yarıçap 3 km (radius targeting),Mahalle/semt: Acarkent — konum ara kutusuna yazıp yarıçap seçin
GT | Search | Su Kacagi Tespiti | Anadolu,"Beykoz, İstanbul, Türkiye",İlçe (doğrudan hedefle),Google Ads listesinde ilçe olarak bulunur
GT | Search | Su Kacagi Tespiti | Anadolu,"Maltepe, İstanbul, Türkiye",İlçe (doğrudan hedefle),Google Ads listesinde ilçe olarak bulunur
GT | Search | Su Kacagi Tespiti | Anadolu,"Küçükyalı, Maltepe, İstanbul",Yarıçap 3 km (radius targeting),Mahalle/semt: Küçükyalı — konum ara kutusuna yazıp yarıçap seçin
GT | Search | Su Kacagi Tespiti | Anadolu,"Kartal, İstanbul, Türkiye",İlçe (doğrudan hedefle),Google Ads listesinde ilçe olarak bulunur
GT | Search | Su Kacagi Tespiti | Anadolu,"Pendik, İstanbul, Türkiye",İlçe (doğrudan hedefle),Google Ads listesinde ilçe olarak bulunur
GT | Search | Su Kacagi Tespiti | Anadolu,"Kurtköy, Pendik, İstanbul",Yarıçap 3 km (radius targeting),Mahalle/semt: Kurtköy — konum ara kutusuna yazıp yarıçap seçin
GT | Search | Su Kacagi Tespiti | Anadolu,"Tuzla, İstanbul, Türkiye",İlçe (doğrudan hedefle),Google Ads listesinde ilçe olarak bulunur
GT | Search | Su Kacagi Tespiti | Anadolu,"Ataşehir, İstanbul, Türkiye",İlçe (doğrudan hedefle),Google Ads listesinde ilçe olarak bulunur
GT | Search | Su Kacagi Tespiti | Anadolu,"İçerenköy, Ataşehir, İstanbul",Yarıçap 3 km (radius targeting),Mahalle/semt: İçerenköy — konum ara kutusuna yazıp yarıçap seçin
GT | Search | Su Kacagi Tespiti | Anadolu,"Kayışdağı, Ataşehir, İstanbul",Yarıçap 3 km (radius targeting),Mahalle/semt: Kayışdağı — konum ara kutusuna yazıp yarıçap seçin
GT | Search | Su Kacagi Tespiti | Anadolu,"Ferhatpaşa, Ataşehir, İstanbul",Yarıçap 3 km (radius targeting),Mahalle/semt: Ferhatpaşa — konum ara kutusuna yazıp yarıçap seçin
GT | Search | Su Kacagi Tespiti | Anadolu,"Ümraniye, İstanbul, Türkiye",İlçe (doğrudan hedefle),Google Ads listesinde ilçe olarak bulunur
GT | Search | Su Kacagi Tespiti | Anadolu,"Dudullu, Ümraniye, İstanbul",Yarıçap 3 km (radius targeting),Mahalle/semt: Dudullu — konum ara kutusuna yazıp yarıçap seçin
GT | Search | Su Kacagi Tespiti | Anadolu,"Çekmeköy, İstanbul, Türkiye",İlçe (doğrudan hedefle),Google Ads listesinde ilçe olarak bulunur
GT | Search | Su Kacagi Tespiti | Anadolu,"Alemdağ, Çekmeköy, İstanbul",Yarıçap 3 km (radius targeting),Mahalle/semt: Alemdağ — konum ara kutusuna yazıp yarıçap seçin
GT | Search | Su Kacagi Tespiti | Anadolu,"Taşdelen, Çekmeköy, İstanbul",Yarıçap 3 km (radius targeting),Mahalle/semt: Taşdelen — konum ara kutusuna yazıp yarıçap seçin
GT | Search | Su Kacagi Tespiti | Anadolu,"Reşadiye, Çekmeköy, İstanbul",Yarıçap 3 km (radius targeting),Mahalle/semt: Reşadiye — konum ara kutusuna yazıp yarıçap seçin
GT | Search | Su Kacagi Tespiti | Anadolu,"Yenidoğan, Sancaktepe, İstanbul",Yarıçap 3 km (radius targeting),Mahalle/semt: Yenidoğan — konum ara kutusuna yazıp yarıçap seçin
GT | Search | Su Kacagi Tespiti | Anadolu,"Sultanbeyli, İstanbul, Türkiye",İlçe (doğrudan hedefle),Google Ads listesinde ilçe olarak bulunur
GT | Search | Tikaniklik Acma | Avrupa,"Bebek, Beşiktaş, İstanbul",Yarıçap 3 km (radius targeting),Mahalle/semt: Bebek — konum ara kutusuna yazıp yarıçap seçin
GT | Search | Tikaniklik Acma | Avrupa,"Nişantaşı, Şişli, İstanbul",Yarıçap 3 km (radius targeting),Mahalle/semt: Nişantaşı — konum ara kutusuna yazıp yarıçap seçin
GT | Search | Tikaniklik Acma | Avrupa,"Etiler, Beşiktaş, İstanbul",Yarıçap 3 km (radius targeting),Mahalle/semt: Etiler — konum ara kutusuna yazıp yarıçap seçin
GT | Search | Tikaniklik Acma | Avrupa,"Levent, Beşiktaş, İstanbul",Yarıçap 3 km (radius targeting),Mahalle/semt: Levent — konum ara kutusuna yazıp yarıçap seçin
GT | Search | Tikaniklik Acma | Avrupa,"Zekeriyaköy, Sarıyer, İstanbul",Yarıçap 3 km (radius targeting),Mahalle/semt: Zekeriyaköy — konum ara kutusuna yazıp yarıçap seçin
GT | Search | Tikaniklik Acma | Avrupa,"Ulus, Beşiktaş, İstanbul",Yarıçap 3 km (radius targeting),Mahalle/semt: Ulus — konum ara kutusuna yazıp yarıçap seçin
GT | Search | Tikaniklik Acma | Avrupa,"Ortaköy, Beşiktaş, İstanbul",Yarıçap 3 km (radius targeting),Mahalle/semt: Ortaköy — konum ara kutusuna yazıp yarıçap seçin
GT | Search | Tikaniklik Acma | Avrupa,"Tarabya, Sarıyer, İstanbul",Yarıçap 3 km (radius targeting),Mahalle/semt: Tarabya — konum ara kutusuna yazıp yarıçap seçin
GT | Search | Tikaniklik Acma | Avrupa,"Kemerburgaz, Eyüpsultan, İstanbul",Yarıçap 3 km (radius targeting),Mahalle/semt: Kemerburgaz — konum ara kutusuna yazıp yarıçap seçin
GT | Search | Tikaniklik Acma | Avrupa,"Göktürk, Eyüpsultan, İstanbul",Yarıçap 3 km (radius targeting),Mahalle/semt: Göktürk — konum ara kutusuna yazıp yarıçap seçin
GT | Search | Tikaniklik Acma | Avrupa,"Sarıyer, İstanbul, Türkiye",İlçe (doğrudan hedefle),Google Ads listesinde ilçe olarak bulunur
GT | Search | Tikaniklik Acma | Avrupa,"Beşiktaş, İstanbul, Türkiye",İlçe (doğrudan hedefle),Google Ads listesinde ilçe olarak bulunur
GT | Search | Tikaniklik Acma | Avrupa,"Şişli, İstanbul, Türkiye",İlçe (doğrudan hedefle),Google Ads listesinde ilçe olarak bulunur
GT | Search | Tikaniklik Acma | Avrupa,"Eyüpsultan, İstanbul, Türkiye",İlçe (doğrudan hedefle),Google Ads listesinde ilçe olarak bulunur
GT | Search | Tikaniklik Acma | Avrupa,"Fatih, İstanbul, Türkiye",İlçe (doğrudan hedefle),Google Ads listesinde ilçe olarak bulunur
GT | Search | Tikaniklik Acma | Avrupa,"Zeytinburnu, İstanbul, Türkiye",İlçe (doğrudan hedefle),Google Ads listesinde ilçe olarak bulunur
GT | Search | Tikaniklik Acma | Avrupa,"Kağıthane, İstanbul, Türkiye",İlçe (doğrudan hedefle),Google Ads listesinde ilçe olarak bulunur
GT | Search | Tikaniklik Acma | Avrupa,"Güngören, İstanbul, Türkiye",İlçe (doğrudan hedefle),Google Ads listesinde ilçe olarak bulunur
GT | Search | Tikaniklik Acma | Avrupa,"Gaziosmanpaşa, İstanbul, Türkiye",İlçe (doğrudan hedefle),Google Ads listesinde ilçe olarak bulunur
GT | Search | Tikaniklik Acma | Avrupa,"Beyoğlu, İstanbul, Türkiye",İlçe (doğrudan hedefle),Google Ads listesinde ilçe olarak bulunur
GT | Search | Tikaniklik Acma | Avrupa,"Bayrampaşa, İstanbul, Türkiye",İlçe (doğrudan hedefle),Google Ads listesinde ilçe olarak bulunur
GT | Search | Tikaniklik Acma | Avrupa,"Bakırköy, İstanbul, Türkiye",İlçe (doğrudan hedefle),Google Ads listesinde ilçe olarak bulunur
GT | Search | Tikaniklik Acma | Avrupa,"Bahçelievler, İstanbul, Türkiye",İlçe (doğrudan hedefle),Google Ads listesinde ilçe olarak bulunur
GT | Search | Tikaniklik Acma | Avrupa,"Bağcılar, İstanbul, Türkiye",İlçe (doğrudan hedefle),Google Ads listesinde ilçe olarak bulunur
GT | Search | Tikaniklik Acma | Anadolu,"Kadıköy, İstanbul, Türkiye",İlçe (doğrudan hedefle),Google Ads listesinde ilçe olarak bulunur
GT | Search | Tikaniklik Acma | Anadolu,"Moda, Kadıköy, İstanbul",Yarıçap 3 km (radius targeting),Mahalle/semt: Moda — konum ara kutusuna yazıp yarıçap seçin
GT | Search | Tikaniklik Acma | Anadolu,"Fikirtepe, Kadıköy, İstanbul",Yarıçap 3 km (radius targeting),Mahalle/semt: Fikirtepe — konum ara kutusuna yazıp yarıçap seçin
GT | Search | Tikaniklik Acma | Anadolu,"Erenköy, Kadıköy, İstanbul",Yarıçap 3 km (radius targeting),Mahalle/semt: Erenköy — konum ara kutusuna yazıp yarıçap seçin
GT | Search | Tikaniklik Acma | Anadolu,"Göztepe, Kadıköy, İstanbul",Yarıçap 3 km (radius targeting),Mahalle/semt: Göztepe — konum ara kutusuna yazıp yarıçap seçin
GT | Search | Tikaniklik Acma | Anadolu,"Caddebostan, Kadıköy, İstanbul",Yarıçap 3 km (radius targeting),Mahalle/semt: Caddebostan — konum ara kutusuna yazıp yarıçap seçin
GT | Search | Tikaniklik Acma | Anadolu,"Suadiye, Kadıköy, İstanbul",Yarıçap 3 km (radius targeting),Mahalle/semt: Suadiye — konum ara kutusuna yazıp yarıçap seçin
GT | Search | Tikaniklik Acma | Anadolu,"Bağdat Caddesi, Kadıköy, İstanbul",Yarıçap 3 km (radius targeting),Mahalle/semt: Bağdat Caddesi — konum ara kutusuna yazıp yarıçap seçin
GT | Search | Tikaniklik Acma | Anadolu,"Üsküdar, İstanbul, Türkiye",İlçe (doğrudan hedefle),Google Ads listesinde ilçe olarak bulunur
GT | Search | Tikaniklik Acma | Anadolu,"Çengelköy, Üsküdar, İstanbul",Yarıçap 3 km (radius targeting),Mahalle/semt: Çengelköy — konum ara kutusuna yazıp yarıçap seçin
GT | Search | Tikaniklik Acma | Anadolu,"Kuzguncuk, Üsküdar, İstanbul",Yarıçap 3 km (radius targeting),Mahalle/semt: Kuzguncuk — konum ara kutusuna yazıp yarıçap seçin
GT | Search | Tikaniklik Acma | Anadolu,"Beylerbeyi, Üsküdar, İstanbul",Yarıçap 3 km (radius targeting),Mahalle/semt: Beylerbeyi — konum ara kutusuna yazıp yarıçap seçin
GT | Search | Tikaniklik Acma | Anadolu,"Kandilli, Üsküdar, İstanbul",Yarıçap 3 km (radius targeting),Mahalle/semt: Kandilli — konum ara kutusuna yazıp yarıçap seçin
GT | Search | Tikaniklik Acma | Anadolu,"Kanlıca, Beykoz, İstanbul",Yarıçap 3 km (radius targeting),Mahalle/semt: Kanlıca — konum ara kutusuna yazıp yarıçap seçin
GT | Search | Tikaniklik Acma | Anadolu,"Acarkent, Beykoz, İstanbul",Yarıçap 3 km (radius targeting),Mahalle/semt: Acarkent — konum ara kutusuna yazıp yarıçap seçin
GT | Search | Tikaniklik Acma | Anadolu,"Beykoz, İstanbul, Türkiye",İlçe (doğrudan hedefle),Google Ads listesinde ilçe olarak bulunur
GT | Search | Tikaniklik Acma | Anadolu,"Maltepe, İstanbul, Türkiye",İlçe (doğrudan hedefle),Google Ads listesinde ilçe olarak bulunur
GT | Search | Tikaniklik Acma | Anadolu,"Küçükyalı, Maltepe, İstanbul",Yarıçap 3 km (radius targeting),Mahalle/semt: Küçükyalı — konum ara kutusuna yazıp yarıçap seçin
GT | Search | Tikaniklik Acma | Anadolu,"Kartal, İstanbul, Türkiye",İlçe (doğrudan hedefle),Google Ads listesinde ilçe olarak bulunur
GT | Search | Tikaniklik Acma | Anadolu,"Pendik, İstanbul, Türkiye",İlçe (doğrudan hedefle),Google Ads listesinde ilçe olarak bulunur
GT | Search | Tikaniklik Acma | Anadolu,"Kurtköy, Pendik, İstanbul",Yarıçap 3 km (radius targeting),Mahalle/semt: Kurtköy — konum ara kutusuna yazıp yarıçap seçin
GT | Search | Tikaniklik Acma | Anadolu,"Tuzla, İstanbul, Türkiye",İlçe (doğrudan hedefle),Google Ads listesinde ilçe olarak bulunur
GT | Search | Tikaniklik Acma | Anadolu,"Ataşehir, İstanbul, Türkiye",İlçe (doğrudan hedefle),Google Ads listesinde ilçe olarak bulunur
GT | Search | Tikaniklik Acma | Anadolu,"İçerenköy, Ataşehir, İstanbul",Yarıçap 3 km (radius targeting),Mahalle/semt: İçerenköy — konum ara kutusuna yazıp yarıçap seçin
GT | Search | Tikaniklik Acma | Anadolu,"Kayışdağı, Ataşehir, İstanbul",Yarıçap 3 km (radius targeting),Mahalle/semt: Kayışdağı — konum ara kutusuna yazıp yarıçap seçin
GT | Search | Tikaniklik Acma | Anadolu,"Ferhatpaşa, Ataşehir, İstanbul",Yarıçap 3 km (radius targeting),Mahalle/semt: Ferhatpaşa — konum ara kutusuna yazıp yarıçap seçin
GT | Search | Tikaniklik Acma | Anadolu,"Ümraniye, İstanbul, Türkiye",İlçe (doğrudan hedefle),Google Ads listesinde ilçe olarak bulunur
GT | Search | Tikaniklik Acma | Anadolu,"Dudullu, Ümraniye, İstanbul",Yarıçap 3 km (radius targeting),Mahalle/semt: Dudullu — konum ara kutusuna yazıp yarıçap seçin
GT | Search | Tikaniklik Acma | Anadolu,"Çekmeköy, İstanbul, Türkiye",İlçe (doğrudan hedefle),Google Ads listesinde ilçe olarak bulunur
GT | Search | Tikaniklik Acma | Anadolu,"Alemdağ, Çekmeköy, İstanbul",Yarıçap 3 km (radius targeting),Mahalle/semt: Alemdağ — konum ara kutusuna yazıp yarıçap seçin
GT | Search | Tikaniklik Acma | Anadolu,"Taşdelen, Çekmeköy, İstanbul",Yarıçap 3 km (radius targeting),Mahalle/semt: Taşdelen — konum ara kutusuna yazıp yarıçap seçin
GT | Search | Tikaniklik Acma | Anadolu,"Reşadiye, Çekmeköy, İstanbul",Yarıçap 3 km (radius targeting),Mahalle/semt: Reşadiye — konum ara kutusuna yazıp yarıçap seçin
GT | Search | Tikaniklik Acma | Anadolu,"Yenidoğan, Sancaktepe, İstanbul",Yarıçap 3 km (radius targeting),Mahalle/semt: Yenidoğan — konum ara kutusuna yazıp yarıçap seçin
GT | Search | Tikaniklik Acma | Anadolu,"Sultanbeyli, İstanbul, Türkiye",İlçe (doğrudan hedefle),Google Ads listesinde ilçe olarak bulunur
GT | Search | Petek Temizleme | Avrupa,"Bebek, Beşiktaş, İstanbul",Yarıçap 3 km (radius targeting),Mahalle/semt: Bebek — konum ara kutusuna yazıp yarıçap seçin
GT | Search | Petek Temizleme | Avrupa,"Nişantaşı, Şişli, İstanbul",Yarıçap 3 km (radius targeting),Mahalle/semt: Nişantaşı — konum ara kutusuna yazıp yarıçap seçin
GT | Search | Petek Temizleme | Avrupa,"Etiler, Beşiktaş, İstanbul",Yarıçap 3 km (radius targeting),Mahalle/semt: Etiler — konum ara kutusuna yazıp yarıçap seçin
GT | Search | Petek Temizleme | Avrupa,"Levent, Beşiktaş, İstanbul",Yarıçap 3 km (radius targeting),Mahalle/semt: Levent — konum ara kutusuna yazıp yarıçap seçin
GT | Search | Petek Temizleme | Avrupa,"Zekeriyaköy, Sarıyer, İstanbul",Yarıçap 3 km (radius targeting),Mahalle/semt: Zekeriyaköy — konum ara kutusuna yazıp yarıçap seçin
GT | Search | Petek Temizleme | Avrupa,"Ulus, Beşiktaş, İstanbul",Yarıçap 3 km (radius targeting),Mahalle/semt: Ulus — konum ara kutusuna yazıp yarıçap seçin
GT | Search | Petek Temizleme | Avrupa,"Ortaköy, Beşiktaş, İstanbul",Yarıçap 3 km (radius targeting),Mahalle/semt: Ortaköy — konum ara kutusuna yazıp yarıçap seçin
GT | Search | Petek Temizleme | Avrupa,"Tarabya, Sarıyer, İstanbul",Yarıçap 3 km (radius targeting),Mahalle/semt: Tarabya — konum ara kutusuna yazıp yarıçap seçin
GT | Search | Petek Temizleme | Avrupa,"Kemerburgaz, Eyüpsultan, İstanbul",Yarıçap 3 km (radius targeting),Mahalle/semt: Kemerburgaz — konum ara kutusuna yazıp yarıçap seçin
GT | Search | Petek Temizleme | Avrupa,"Göktürk, Eyüpsultan, İstanbul",Yarıçap 3 km (radius targeting),Mahalle/semt: Göktürk — konum ara kutusuna yazıp yarıçap seçin
GT | Search | Petek Temizleme | Avrupa,"Sarıyer, İstanbul, Türkiye",İlçe (doğrudan hedefle),Google Ads listesinde ilçe olarak bulunur
GT | Search | Petek Temizleme | Avrupa,"Beşiktaş, İstanbul, Türkiye",İlçe (doğrudan hedefle),Google Ads listesinde ilçe olarak bulunur
GT | Search | Petek Temizleme | Avrupa,"Şişli, İstanbul, Türkiye",İlçe (doğrudan hedefle),Google Ads listesinde ilçe olarak bulunur
GT | Search | Petek Temizleme | Avrupa,"Eyüpsultan, İstanbul, Türkiye",İlçe (doğrudan hedefle),Google Ads listesinde ilçe olarak bulunur
GT | Search | Petek Temizleme | Avrupa,"Fatih, İstanbul, Türkiye",İlçe (doğrudan hedefle),Google Ads listesinde ilçe olarak bulunur
GT | Search | Petek Temizleme | Avrupa,"Zeytinburnu, İstanbul, Türkiye",İlçe (doğrudan hedefle),Google Ads listesinde ilçe olarak bulunur
GT | Search | Petek Temizleme | Avrupa,"Kağıthane, İstanbul, Türkiye",İlçe (doğrudan hedefle),Google Ads listesinde ilçe olarak bulunur
GT | Search | Petek Temizleme | Avrupa,"Güngören, İstanbul, Türkiye",İlçe (doğrudan hedefle),Google Ads listesinde ilçe olarak bulunur
GT | Search | Petek Temizleme | Avrupa,"Gaziosmanpaşa, İstanbul, Türkiye",İlçe (doğrudan hedefle),Google Ads listesinde ilçe olarak bulunur
GT | Search | Petek Temizleme | Avrupa,"Beyoğlu, İstanbul, Türkiye",İlçe (doğrudan hedefle),Google Ads listesinde ilçe olarak bulunur
GT | Search | Petek Temizleme | Avrupa,"Bayrampaşa, İstanbul, Türkiye",İlçe (doğrudan hedefle),Google Ads listesinde ilçe olarak bulunur
GT | Search | Petek Temizleme | Avrupa,"Bakırköy, İstanbul, Türkiye",İlçe (doğrudan hedefle),Google Ads listesinde ilçe olarak bulunur
GT | Search | Petek Temizleme | Avrupa,"Bahçelievler, İstanbul, Türkiye",İlçe (doğrudan hedefle),Google Ads listesinde ilçe olarak bulunur
GT | Search | Petek Temizleme | Avrupa,"Bağcılar, İstanbul, Türkiye",İlçe (doğrudan hedefle),Google Ads listesinde ilçe olarak bulunur
GT | Search | Petek Temizleme | Anadolu,"Kadıköy, İstanbul, Türkiye",İlçe (doğrudan hedefle),Google Ads listesinde ilçe olarak bulunur
GT | Search | Petek Temizleme | Anadolu,"Moda, Kadıköy, İstanbul",Yarıçap 3 km (radius targeting),Mahalle/semt: Moda — konum ara kutusuna yazıp yarıçap seçin
GT | Search | Petek Temizleme | Anadolu,"Fikirtepe, Kadıköy, İstanbul",Yarıçap 3 km (radius targeting),Mahalle/semt: Fikirtepe — konum ara kutusuna yazıp yarıçap seçin
GT | Search | Petek Temizleme | Anadolu,"Erenköy, Kadıköy, İstanbul",Yarıçap 3 km (radius targeting),Mahalle/semt: Erenköy — konum ara kutusuna yazıp yarıçap seçin
GT | Search | Petek Temizleme | Anadolu,"Göztepe, Kadıköy, İstanbul",Yarıçap 3 km (radius targeting),Mahalle/semt: Göztepe — konum ara kutusuna yazıp yarıçap seçin
GT | Search | Petek Temizleme | Anadolu,"Caddebostan, Kadıköy, İstanbul",Yarıçap 3 km (radius targeting),Mahalle/semt: Caddebostan — konum ara kutusuna yazıp yarıçap seçin
GT | Search | Petek Temizleme | Anadolu,"Suadiye, Kadıköy, İstanbul",Yarıçap 3 km (radius targeting),Mahalle/semt: Suadiye — konum ara kutusuna yazıp yarıçap seçin
GT | Search | Petek Temizleme | Anadolu,"Bağdat Caddesi, Kadıköy, İstanbul",Yarıçap 3 km (radius targeting),Mahalle/semt: Bağdat Caddesi — konum ara kutusuna yazıp yarıçap seçin
GT | Search | Petek Temizleme | Anadolu,"Üsküdar, İstanbul, Türkiye",İlçe (doğrudan hedefle),Google Ads listesinde ilçe olarak bulunur
GT | Search | Petek Temizleme | Anadolu,"Çengelköy, Üsküdar, İstanbul",Yarıçap 3 km (radius targeting),Mahalle/semt: Çengelköy — konum ara kutusuna yazıp yarıçap seçin
GT | Search | Petek Temizleme | Anadolu,"Kuzguncuk, Üsküdar, İstanbul",Yarıçap 3 km (radius targeting),Mahalle/semt: Kuzguncuk — konum ara kutusuna yazıp yarıçap seçin
GT | Search | Petek Temizleme | Anadolu,"Beylerbeyi, Üsküdar, İstanbul",Yarıçap 3 km (radius targeting),Mahalle/semt: Beylerbeyi — konum ara kutusuna yazıp yarıçap seçin
GT | Search | Petek Temizleme | Anadolu,"Kandilli, Üsküdar, İstanbul",Yarıçap 3 km (radius targeting),Mahalle/semt: Kandilli — konum ara kutusuna yazıp yarıçap seçin
GT | Search | Petek Temizleme | Anadolu,"Kanlıca, Beykoz, İstanbul",Yarıçap 3 km (radius targeting),Mahalle/semt: Kanlıca — konum ara kutusuna yazıp yarıçap seçin
GT | Search | Petek Temizleme | Anadolu,"Acarkent, Beykoz, İstanbul",Yarıçap 3 km (radius targeting),Mahalle/semt: Acarkent — konum ara kutusuna yazıp yarıçap seçin
GT | Search | Petek Temizleme | Anadolu,"Beykoz, İstanbul, Türkiye",İlçe (doğrudan hedefle),Google Ads listesinde ilçe olarak bulunur
GT | Search | Petek Temizleme | Anadolu,"Maltepe, İstanbul, Türkiye",İlçe (doğrudan hedefle),Google Ads listesinde ilçe olarak bulunur
GT | Search | Petek Temizleme | Anadolu,"Küçükyalı, Maltepe, İstanbul",Yarıçap 3 km (radius targeting),Mahalle/semt: Küçükyalı — konum ara kutusuna yazıp yarıçap seçin
GT | Search | Petek Temizleme | Anadolu,"Kartal, İstanbul, Türkiye",İlçe (doğrudan hedefle),Google Ads listesinde ilçe olarak bulunur
GT | Search | Petek Temizleme | Anadolu,"Pendik, İstanbul, Türkiye",İlçe (doğrudan hedefle),Google Ads listesinde ilçe olarak bulunur
GT | Search | Petek Temizleme | Anadolu,"Kurtköy, Pendik, İstanbul",Yarıçap 3 km (radius targeting),Mahalle/semt: Kurtköy — konum ara kutusuna yazıp yarıçap seçin
GT | Search | Petek Temizleme | Anadolu,"Tuzla, İstanbul, Türkiye",İlçe (doğrudan hedefle),Google Ads listesinde ilçe olarak bulunur
GT | Search | Petek Temizleme | Anadolu,"Ataşehir, İstanbul, Türkiye",İlçe (doğrudan hedefle),Google Ads listesinde ilçe olarak bulunur
GT | Search | Petek Temizleme | Anadolu,"İçerenköy, Ataşehir, İstanbul",Yarıçap 3 km (radius targeting),Mahalle/semt: İçerenköy — konum ara kutusuna yazıp yarıçap seçin
GT | Search | Petek Temizleme | Anadolu,"Kayışdağı, Ataşehir, İstanbul",Yarıçap 3 km (radius targeting),Mahalle/semt: Kayışdağı — konum ara kutusuna yazıp yarıçap seçin
GT | Search | Petek Temizleme | Anadolu,"Ferhatpaşa, Ataşehir, İstanbul",Yarıçap 3 km (radius targeting),Mahalle/semt: Ferhatpaşa — konum ara kutusuna yazıp yarıçap seçin
GT | Search | Petek Temizleme | Anadolu,"Ümraniye, İstanbul, Türkiye",İlçe (doğrudan hedefle),Google Ads listesinde ilçe olarak bulunur
GT | Search | Petek Temizleme | Anadolu,"Dudullu, Ümraniye, İstanbul",Yarıçap 3 km (radius targeting),Mahalle/semt: Dudullu — konum ara kutusuna yazıp yarıçap seçin
GT | Search | Petek Temizleme | Anadolu,"Çekmeköy, İstanbul, Türkiye",İlçe (doğrudan hedefle),Google Ads listesinde ilçe olarak bulunur
GT | Search | Petek Temizleme | Anadolu,"Alemdağ, Çekmeköy, İstanbul",Yarıçap 3 km (radius targeting),Mahalle/semt: Alemdağ — konum ara kutusuna yazıp yarıçap seçin
GT | Search | Petek Temizleme | Anadolu,"Taşdelen, Çekmeköy, İstanbul",Yarıçap 3 km (radius targeting),Mahalle/semt: Taşdelen — konum ara kutusuna yazıp yarıçap seçin
GT | Search | Petek Temizleme | Anadolu,"Reşadiye, Çekmeköy, İstanbul",Yarıçap 3 km (radius targeting),Mahalle/semt: Reşadiye — konum ara kutusuna yazıp yarıçap seçin
GT | Search | Petek Temizleme | Anadolu,"Yenidoğan, Sancaktepe, İstanbul",Yarıçap 3 km (radius targeting),Mahalle/semt: Yenidoğan — konum ara kutusuna yazıp yarıçap seçin
GT | Search | Petek Temizleme | Anadolu,"Sultanbeyli, İstanbul, Türkiye",İlçe (doğrudan hedefle),Google Ads listesinde ilçe olarak bulunur
GT | Search | Boru ve Tesisat Tamiri | Avrupa,"Bebek, Beşiktaş, İstanbul",Yarıçap 3 km (radius targeting),Mahalle/semt: Bebek — konum ara kutusuna yazıp yarıçap seçin
GT | Search | Boru ve Tesisat Tamiri | Avrupa,"Nişantaşı, Şişli, İstanbul",Yarıçap 3 km (radius targeting),Mahalle/semt: Nişantaşı — konum ara kutusuna yazıp yarıçap seçin
GT | Search | Boru ve Tesisat Tamiri | Avrupa,"Etiler, Beşiktaş, İstanbul",Yarıçap 3 km (radius targeting),Mahalle/semt: Etiler — konum ara kutusuna yazıp yarıçap seçin
GT | Search | Boru ve Tesisat Tamiri | Avrupa,"Levent, Beşiktaş, İstanbul",Yarıçap 3 km (radius targeting),Mahalle/semt: Levent — konum ara kutusuna yazıp yarıçap seçin
GT | Search | Boru ve Tesisat Tamiri | Avrupa,"Zekeriyaköy, Sarıyer, İstanbul",Yarıçap 3 km (radius targeting),Mahalle/semt: Zekeriyaköy — konum ara kutusuna yazıp yarıçap seçin
GT | Search | Boru ve Tesisat Tamiri | Avrupa,"Ulus, Beşiktaş, İstanbul",Yarıçap 3 km (radius targeting),Mahalle/semt: Ulus — konum ara kutusuna yazıp yarıçap seçin
GT | Search | Boru ve Tesisat Tamiri | Avrupa,"Ortaköy, Beşiktaş, İstanbul",Yarıçap 3 km (radius targeting),Mahalle/semt: Ortaköy — konum ara kutusuna yazıp yarıçap seçin
GT | Search | Boru ve Tesisat Tamiri | Avrupa,"Tarabya, Sarıyer, İstanbul",Yarıçap 3 km (radius targeting),Mahalle/semt: Tarabya — konum ara kutusuna yazıp yarıçap seçin
GT | Search | Boru ve Tesisat Tamiri | Avrupa,"Kemerburgaz, Eyüpsultan, İstanbul",Yarıçap 3 km (radius targeting),Mahalle/semt: Kemerburgaz — konum ara kutusuna yazıp yarıçap seçin
GT | Search | Boru ve Tesisat Tamiri | Avrupa,"Göktürk, Eyüpsultan, İstanbul",Yarıçap 3 km (radius targeting),Mahalle/semt: Göktürk — konum ara kutusuna yazıp yarıçap seçin
GT | Search | Boru ve Tesisat Tamiri | Avrupa,"Sarıyer, İstanbul, Türkiye",İlçe (doğrudan hedefle),Google Ads listesinde ilçe olarak bulunur
GT | Search | Boru ve Tesisat Tamiri | Avrupa,"Beşiktaş, İstanbul, Türkiye",İlçe (doğrudan hedefle),Google Ads listesinde ilçe olarak bulunur
GT | Search | Boru ve Tesisat Tamiri | Avrupa,"Şişli, İstanbul, Türkiye",İlçe (doğrudan hedefle),Google Ads listesinde ilçe olarak bulunur
GT | Search | Boru ve Tesisat Tamiri | Avrupa,"Eyüpsultan, İstanbul, Türkiye",İlçe (doğrudan hedefle),Google Ads listesinde ilçe olarak bulunur
GT | Search | Boru ve Tesisat Tamiri | Avrupa,"Fatih, İstanbul, Türkiye",İlçe (doğrudan hedefle),Google Ads listesinde ilçe olarak bulunur
GT | Search | Boru ve Tesisat Tamiri | Avrupa,"Zeytinburnu, İstanbul, Türkiye",İlçe (doğrudan hedefle),Google Ads listesinde ilçe olarak bulunur
GT | Search | Boru ve Tesisat Tamiri | Avrupa,"Kağıthane, İstanbul, Türkiye",İlçe (doğrudan hedefle),Google Ads listesinde ilçe olarak bulunur
GT | Search | Boru ve Tesisat Tamiri | Avrupa,"Güngören, İstanbul, Türkiye",İlçe (doğrudan hedefle),Google Ads listesinde ilçe olarak bulunur
GT | Search | Boru ve Tesisat Tamiri | Avrupa,"Gaziosmanpaşa, İstanbul, Türkiye",İlçe (doğrudan hedefle),Google Ads listesinde ilçe olarak bulunur
GT | Search | Boru ve Tesisat Tamiri | Avrupa,"Beyoğlu, İstanbul, Türkiye",İlçe (doğrudan hedefle),Google Ads listesinde ilçe olarak bulunur
GT | Search | Boru ve Tesisat Tamiri | Avrupa,"Bayrampaşa, İstanbul, Türkiye",İlçe (doğrudan hedefle),Google Ads listesinde ilçe olarak bulunur
GT | Search | Boru ve Tesisat Tamiri | Avrupa,"Bakırköy, İstanbul, Türkiye",İlçe (doğrudan hedefle),Google Ads listesinde ilçe olarak bulunur
GT | Search | Boru ve Tesisat Tamiri | Avrupa,"Bahçelievler, İstanbul, Türkiye",İlçe (doğrudan hedefle),Google Ads listesinde ilçe olarak bulunur
GT | Search | Boru ve Tesisat Tamiri | Avrupa,"Bağcılar, İstanbul, Türkiye",İlçe (doğrudan hedefle),Google Ads listesinde ilçe olarak bulunur
GT | Search | Boru ve Tesisat Tamiri | Anadolu,"Kadıköy, İstanbul, Türkiye",İlçe (doğrudan hedefle),Google Ads listesinde ilçe olarak bulunur
GT | Search | Boru ve Tesisat Tamiri | Anadolu,"Moda, Kadıköy, İstanbul",Yarıçap 3 km (radius targeting),Mahalle/semt: Moda — konum ara kutusuna yazıp yarıçap seçin
GT | Search | Boru ve Tesisat Tamiri | Anadolu,"Fikirtepe, Kadıköy, İstanbul",Yarıçap 3 km (radius targeting),Mahalle/semt: Fikirtepe — konum ara kutusuna yazıp yarıçap seçin
GT | Search | Boru ve Tesisat Tamiri | Anadolu,"Erenköy, Kadıköy, İstanbul",Yarıçap 3 km (radius targeting),Mahalle/semt: Erenköy — konum ara kutusuna yazıp yarıçap seçin
GT | Search | Boru ve Tesisat Tamiri | Anadolu,"Göztepe, Kadıköy, İstanbul",Yarıçap 3 km (radius targeting),Mahalle/semt: Göztepe — konum ara kutusuna yazıp yarıçap seçin
GT | Search | Boru ve Tesisat Tamiri | Anadolu,"Caddebostan, Kadıköy, İstanbul",Yarıçap 3 km (radius targeting),Mahalle/semt: Caddebostan — konum ara kutusuna yazıp yarıçap seçin
GT | Search | Boru ve Tesisat Tamiri | Anadolu,"Suadiye, Kadıköy, İstanbul",Yarıçap 3 km (radius targeting),Mahalle/semt: Suadiye — konum ara kutusuna yazıp yarıçap seçin
GT | Search | Boru ve Tesisat Tamiri | Anadolu,"Bağdat Caddesi, Kadıköy, İstanbul",Yarıçap 3 km (radius targeting),Mahalle/semt: Bağdat Caddesi — konum ara kutusuna yazıp yarıçap seçin
GT | Search | Boru ve Tesisat Tamiri | Anadolu,"Üsküdar, İstanbul, Türkiye",İlçe (doğrudan hedefle),Google Ads listesinde ilçe olarak bulunur
GT | Search | Boru ve Tesisat Tamiri | Anadolu,"Çengelköy, Üsküdar, İstanbul",Yarıçap 3 km (radius targeting),Mahalle/semt: Çengelköy — konum ara kutusuna yazıp yarıçap seçin
GT | Search | Boru ve Tesisat Tamiri | Anadolu,"Kuzguncuk, Üsküdar, İstanbul",Yarıçap 3 km (radius targeting),Mahalle/semt: Kuzguncuk — konum ara kutusuna yazıp yarıçap seçin
GT | Search | Boru ve Tesisat Tamiri | Anadolu,"Beylerbeyi, Üsküdar, İstanbul",Yarıçap 3 km (radius targeting),Mahalle/semt: Beylerbeyi — konum ara kutusuna yazıp yarıçap seçin
GT | Search | Boru ve Tesisat Tamiri | Anadolu,"Kandilli, Üsküdar, İstanbul",Yarıçap 3 km (radius targeting),Mahalle/semt: Kandilli — konum ara kutusuna yazıp yarıçap seçin
GT | Search | Boru ve Tesisat Tamiri | Anadolu,"Kanlıca, Beykoz, İstanbul",Yarıçap 3 km (radius targeting),Mahalle/semt: Kanlıca — konum ara kutusuna yazıp yarıçap seçin
GT | Search | Boru ve Tesisat Tamiri | Anadolu,"Acarkent, Beykoz, İstanbul",Yarıçap 3 km (radius targeting),Mahalle/semt: Acarkent — konum ara kutusuna yazıp yarıçap seçin
GT | Search | Boru ve Tesisat Tamiri | Anadolu,"Beykoz, İstanbul, Türkiye",İlçe (doğrudan hedefle),Google Ads listesinde ilçe olarak bulunur
GT | Search | Boru ve Tesisat Tamiri | Anadolu,"Maltepe, İstanbul, Türkiye",İlçe (doğrudan hedefle),Google Ads listesinde ilçe olarak bulunur
GT | Search | Boru ve Tesisat Tamiri | Anadolu,"Küçükyalı, Maltepe, İstanbul",Yarıçap 3 km (radius targeting),Mahalle/semt: Küçükyalı — konum ara kutusuna yazıp yarıçap seçin
GT | Search | Boru ve Tesisat Tamiri | Anadolu,"Kartal, İstanbul, Türkiye",İlçe (doğrudan hedefle),Google Ads listesinde ilçe olarak bulunur
GT | Search | Boru ve Tesisat Tamiri | Anadolu,"Pendik, İstanbul, Türkiye",İlçe (doğrudan hedefle),Google Ads listesinde ilçe olarak bulunur
GT | Search | Boru ve Tesisat Tamiri | Anadolu,"Kurtköy, Pendik, İstanbul",Yarıçap 3 km (radius targeting),Mahalle/semt: Kurtköy — konum ara kutusuna yazıp yarıçap seçin
GT | Search | Boru ve Tesisat Tamiri | Anadolu,"Tuzla, İstanbul, Türkiye",İlçe (doğrudan hedefle),Google Ads listesinde ilçe olarak bulunur
GT | Search | Boru ve Tesisat Tamiri | Anadolu,"Ataşehir, İstanbul, Türkiye",İlçe (doğrudan hedefle),Google Ads listesinde ilçe olarak bulunur
GT | Search | Boru ve Tesisat Tamiri | Anadolu,"İçerenköy, Ataşehir, İstanbul",Yarıçap 3 km (radius targeting),Mahalle/semt: İçerenköy — konum ara kutusuna yazıp yarıçap seçin
GT | Search | Boru ve Tesisat Tamiri | Anadolu,"Kayışdağı, Ataşehir, İstanbul",Yarıçap 3 km (radius targeting),Mahalle/semt: Kayışdağı — konum ara kutusuna yazıp yarıçap seçin
GT | Search | Boru ve Tesisat Tamiri | Anadolu,"Ferhatpaşa, Ataşehir, İstanbul",Yarıçap 3 km (radius targeting),Mahalle/semt: Ferhatpaşa — konum ara kutusuna yazıp yarıçap seçin
GT | Search | Boru ve Tesisat Tamiri | Anadolu,"Ümraniye, İstanbul, Türkiye",İlçe (doğrudan hedefle),Google Ads listesinde ilçe olarak bulunur
GT | Search | Boru ve Tesisat Tamiri | Anadolu,"Dudullu, Ümraniye, İstanbul",Yarıçap 3 km (radius targeting),Mahalle/semt: Dudullu — konum ara kutusuna yazıp yarıçap seçin
GT | Search | Boru ve Tesisat Tamiri | Anadolu,"Çekmeköy, İstanbul, Türkiye",İlçe (doğrudan hedefle),Google Ads listesinde ilçe olarak bulunur
GT | Search | Boru ve Tesisat Tamiri | Anadolu,"Alemdağ, Çekmeköy, İstanbul",Yarıçap 3 km (radius targeting),Mahalle/semt: Alemdağ — konum ara kutusuna yazıp yarıçap seçin
GT | Search | Boru ve Tesisat Tamiri | Anadolu,"Taşdelen, Çekmeköy, İstanbul",Yarıçap 3 km (radius targeting),Mahalle/semt: Taşdelen — konum ara kutusuna yazıp yarıçap seçin
GT | Search | Boru ve Tesisat Tamiri | Anadolu,"Reşadiye, Çekmeköy, İstanbul",Yarıçap 3 km (radius targeting),Mahalle/semt: Reşadiye — konum ara kutusuna yazıp yarıçap seçin
GT | Search | Boru ve Tesisat Tamiri | Anadolu,"Yenidoğan, Sancaktepe, İstanbul",Yarıçap 3 km (radius targeting),Mahalle/semt: Yenidoğan — konum ara kutusuna yazıp yarıçap seçin
GT | Search | Boru ve Tesisat Tamiri | Anadolu,"Sultanbeyli, İstanbul, Türkiye",İlçe (doğrudan hedefle),Google Ads listesinde ilçe olarak bulunur
GT | Search | Kamera ile Gider Kontrolu | Avrupa,"Bebek, Beşiktaş, İstanbul",Yarıçap 3 km (radius targeting),Mahalle/semt: Bebek — konum ara kutusuna yazıp yarıçap seçin
GT | Search | Kamera ile Gider Kontrolu | Avrupa,"Nişantaşı, Şişli, İstanbul",Yarıçap 3 km (radius targeting),Mahalle/semt: Nişantaşı — konum ara kutusuna yazıp yarıçap seçin
GT | Search | Kamera ile Gider Kontrolu | Avrupa,"Etiler, Beşiktaş, İstanbul",Yarıçap 3 km (radius targeting),Mahalle/semt: Etiler — konum ara kutusuna yazıp yarıçap seçin
GT | Search | Kamera ile Gider Kontrolu | Avrupa,"Levent, Beşiktaş, İstanbul",Yarıçap 3 km (radius targeting),Mahalle/semt: Levent — konum ara kutusuna yazıp yarıçap seçin
GT | Search | Kamera ile Gider Kontrolu | Avrupa,"Zekeriyaköy, Sarıyer, İstanbul",Yarıçap 3 km (radius targeting),Mahalle/semt: Zekeriyaköy — konum ara kutusuna yazıp yarıçap seçin
GT | Search | Kamera ile Gider Kontrolu | Avrupa,"Ulus, Beşiktaş, İstanbul",Yarıçap 3 km (radius targeting),Mahalle/semt: Ulus — konum ara kutusuna yazıp yarıçap seçin
GT | Search | Kamera ile Gider Kontrolu | Avrupa,"Ortaköy, Beşiktaş, İstanbul",Yarıçap 3 km (radius targeting),Mahalle/semt: Ortaköy — konum ara kutusuna yazıp yarıçap seçin
GT | Search | Kamera ile Gider Kontrolu | Avrupa,"Tarabya, Sarıyer, İstanbul",Yarıçap 3 km (radius targeting),Mahalle/semt: Tarabya — konum ara kutusuna yazıp yarıçap seçin
GT | Search | Kamera ile Gider Kontrolu | Avrupa,"Kemerburgaz, Eyüpsultan, İstanbul",Yarıçap 3 km (radius targeting),Mahalle/semt: Kemerburgaz — konum ara kutusuna yazıp yarıçap seçin
GT | Search | Kamera ile Gider Kontrolu | Avrupa,"Göktürk, Eyüpsultan, İstanbul",Yarıçap 3 km (radius targeting),Mahalle/semt: Göktürk — konum ara kutusuna yazıp yarıçap seçin
GT | Search | Kamera ile Gider Kontrolu | Avrupa,"Sarıyer, İstanbul, Türkiye",İlçe (doğrudan hedefle),Google Ads listesinde ilçe olarak bulunur
GT | Search | Kamera ile Gider Kontrolu | Avrupa,"Beşiktaş, İstanbul, Türkiye",İlçe (doğrudan hedefle),Google Ads listesinde ilçe olarak bulunur
GT | Search | Kamera ile Gider Kontrolu | Avrupa,"Şişli, İstanbul, Türkiye",İlçe (doğrudan hedefle),Google Ads listesinde ilçe olarak bulunur
GT | Search | Kamera ile Gider Kontrolu | Avrupa,"Eyüpsultan, İstanbul, Türkiye",İlçe (doğrudan hedefle),Google Ads listesinde ilçe olarak bulunur
GT | Search | Kamera ile Gider Kontrolu | Avrupa,"Fatih, İstanbul, Türkiye",İlçe (doğrudan hedefle),Google Ads listesinde ilçe olarak bulunur
GT | Search | Kamera ile Gider Kontrolu | Avrupa,"Zeytinburnu, İstanbul, Türkiye",İlçe (doğrudan hedefle),Google Ads listesinde ilçe olarak bulunur
GT | Search | Kamera ile Gider Kontrolu | Avrupa,"Kağıthane, İstanbul, Türkiye",İlçe (doğrudan hedefle),Google Ads listesinde ilçe olarak bulunur
GT | Search | Kamera ile Gider Kontrolu | Avrupa,"Güngören, İstanbul, Türkiye",İlçe (doğrudan hedefle),Google Ads listesinde ilçe olarak bulunur
GT | Search | Kamera ile Gider Kontrolu | Avrupa,"Gaziosmanpaşa, İstanbul, Türkiye",İlçe (doğrudan hedefle),Google Ads listesinde ilçe olarak bulunur
GT | Search | Kamera ile Gider Kontrolu | Avrupa,"Beyoğlu, İstanbul, Türkiye",İlçe (doğrudan hedefle),Google Ads listesinde ilçe olarak bulunur
GT | Search | Kamera ile Gider Kontrolu | Avrupa,"Bayrampaşa, İstanbul, Türkiye",İlçe (doğrudan hedefle),Google Ads listesinde ilçe olarak bulunur
GT | Search | Kamera ile Gider Kontrolu | Avrupa,"Bakırköy, İstanbul, Türkiye",İlçe (doğrudan hedefle),Google Ads listesinde ilçe olarak bulunur
GT | Search | Kamera ile Gider Kontrolu | Avrupa,"Bahçelievler, İstanbul, Türkiye",İlçe (doğrudan hedefle),Google Ads listesinde ilçe olarak bulunur
GT | Search | Kamera ile Gider Kontrolu | Avrupa,"Bağcılar, İstanbul, Türkiye",İlçe (doğrudan hedefle),Google Ads listesinde ilçe olarak bulunur
GT | Search | Kamera ile Gider Kontrolu | Anadolu,"Kadıköy, İstanbul, Türkiye",İlçe (doğrudan hedefle),Google Ads listesinde ilçe olarak bulunur
GT | Search | Kamera ile Gider Kontrolu | Anadolu,"Moda, Kadıköy, İstanbul",Yarıçap 3 km (radius targeting),Mahalle/semt: Moda — konum ara kutusuna yazıp yarıçap seçin
GT | Search | Kamera ile Gider Kontrolu | Anadolu,"Fikirtepe, Kadıköy, İstanbul",Yarıçap 3 km (radius targeting),Mahalle/semt: Fikirtepe — konum ara kutusuna yazıp yarıçap seçin
GT | Search | Kamera ile Gider Kontrolu | Anadolu,"Erenköy, Kadıköy, İstanbul",Yarıçap 3 km (radius targeting),Mahalle/semt: Erenköy — konum ara kutusuna yazıp yarıçap seçin
GT | Search | Kamera ile Gider Kontrolu | Anadolu,"Göztepe, Kadıköy, İstanbul",Yarıçap 3 km (radius targeting),Mahalle/semt: Göztepe — konum ara kutusuna yazıp yarıçap seçin
GT | Search | Kamera ile Gider Kontrolu | Anadolu,"Caddebostan, Kadıköy, İstanbul",Yarıçap 3 km (radius targeting),Mahalle/semt: Caddebostan — konum ara kutusuna yazıp yarıçap seçin
GT | Search | Kamera ile Gider Kontrolu | Anadolu,"Suadiye, Kadıköy, İstanbul",Yarıçap 3 km (radius targeting),Mahalle/semt: Suadiye — konum ara kutusuna yazıp yarıçap seçin
GT | Search | Kamera ile Gider Kontrolu | Anadolu,"Bağdat Caddesi, Kadıköy, İstanbul",Yarıçap 3 km (radius targeting),Mahalle/semt: Bağdat Caddesi — konum ara kutusuna yazıp yarıçap seçin
GT | Search | Kamera ile Gider Kontrolu | Anadolu,"Üsküdar, İstanbul, Türkiye",İlçe (doğrudan hedefle),Google Ads listesinde ilçe olarak bulunur
GT | Search | Kamera ile Gider Kontrolu | Anadolu,"Çengelköy, Üsküdar, İstanbul",Yarıçap 3 km (radius targeting),Mahalle/semt: Çengelköy — konum ara kutusuna yazıp yarıçap seçin
GT | Search | Kamera ile Gider Kontrolu | Anadolu,"Kuzguncuk, Üsküdar, İstanbul",Yarıçap 3 km (radius targeting),Mahalle/semt: Kuzguncuk — konum ara kutusuna yazıp yarıçap seçin
GT | Search | Kamera ile Gider Kontrolu | Anadolu,"Beylerbeyi, Üsküdar, İstanbul",Yarıçap 3 km (radius targeting),Mahalle/semt: Beylerbeyi — konum ara kutusuna yazıp yarıçap seçin
GT | Search | Kamera ile Gider Kontrolu | Anadolu,"Kandilli, Üsküdar, İstanbul",Yarıçap 3 km (radius targeting),Mahalle/semt: Kandilli — konum ara kutusuna yazıp yarıçap seçin
GT | Search | Kamera ile Gider Kontrolu | Anadolu,"Kanlıca, Beykoz, İstanbul",Yarıçap 3 km (radius targeting),Mahalle/semt: Kanlıca — konum ara kutusuna yazıp yarıçap seçin
GT | Search | Kamera ile Gider Kontrolu | Anadolu,"Acarkent, Beykoz, İstanbul",Yarıçap 3 km (radius targeting),Mahalle/semt: Acarkent — konum ara kutusuna yazıp yarıçap seçin
GT | Search | Kamera ile Gider Kontrolu | Anadolu,"Beykoz, İstanbul, Türkiye",İlçe (doğrudan hedefle),Google Ads listesinde ilçe olarak bulunur
GT | Search | Kamera ile Gider Kontrolu | Anadolu,"Maltepe, İstanbul, Türkiye",İlçe (doğrudan hedefle),Google Ads listesinde ilçe olarak bulunur
GT | Search | Kamera ile Gider Kontrolu | Anadolu,"Küçükyalı, Maltepe, İstanbul",Yarıçap 3 km (radius targeting),Mahalle/semt: Küçükyalı — konum ara kutusuna yazıp yarıçap seçin
GT | Search | Kamera ile Gider Kontrolu | Anadolu,"Kartal, İstanbul, Türkiye",İlçe (doğrudan hedefle),Google Ads listesinde ilçe olarak bulunur
GT | Search | Kamera ile Gider Kontrolu | Anadolu,"Pendik, İstanbul, Türkiye",İlçe (doğrudan hedefle),Google Ads listesinde ilçe olarak bulunur
GT | Search | Kamera ile Gider Kontrolu | Anadolu,"Kurtköy, Pendik, İstanbul",Yarıçap 3 km (radius targeting),Mahalle/semt: Kurtköy — konum ara kutusuna yazıp yarıçap seçin
GT | Search | Kamera ile Gider Kontrolu | Anadolu,"Tuzla, İstanbul, Türkiye",İlçe (doğrudan hedefle),Google Ads listesinde ilçe olarak bulunur
GT | Search | Kamera ile Gider Kontrolu | Anadolu,"Ataşehir, İstanbul, Türkiye",İlçe (doğrudan hedefle),Google Ads listesinde ilçe olarak bulunur
GT | Search | Kamera ile Gider Kontrolu | Anadolu,"İçerenköy, Ataşehir, İstanbul",Yarıçap 3 km (radius targeting),Mahalle/semt: İçerenköy — konum ara kutusuna yazıp yarıçap seçin
GT | Search | Kamera ile Gider Kontrolu | Anadolu,"Kayışdağı, Ataşehir, İstanbul",Yarıçap 3 km (radius targeting),Mahalle/semt: Kayışdağı — konum ara kutusuna yazıp yarıçap seçin
GT | Search | Kamera ile Gider Kontrolu | Anadolu,"Ferhatpaşa, Ataşehir, İstanbul",Yarıçap 3 km (radius targeting),Mahalle/semt: Ferhatpaşa — konum ara kutusuna yazıp yarıçap seçin
GT | Search | Kamera ile Gider Kontrolu | Anadolu,"Ümraniye, İstanbul, Türkiye",İlçe (doğrudan hedefle),Google Ads listesinde ilçe olarak bulunur
GT | Search | Kamera ile Gider Kontrolu | Anadolu,"Dudullu, Ümraniye, İstanbul",Yarıçap 3 km (radius targeting),Mahalle/semt: Dudullu — konum ara kutusuna yazıp yarıçap seçin
GT | Search | Kamera ile Gider Kontrolu | Anadolu,"Çekmeköy, İstanbul, Türkiye",İlçe (doğrudan hedefle),Google Ads listesinde ilçe olarak bulunur
GT | Search | Kamera ile Gider Kontrolu | Anadolu,"Alemdağ, Çekmeköy, İstanbul",Yarıçap 3 km (radius targeting),Mahalle/semt: Alemdağ — konum ara kutusuna yazıp yarıçap seçin
GT | Search | Kamera ile Gider Kontrolu | Anadolu,"Taşdelen, Çekmeköy, İstanbul",Yarıçap 3 km (radius targeting),Mahalle/semt: Taşdelen — konum ara kutusuna yazıp yarıçap seçin
GT | Search | Kamera ile Gider Kontrolu | Anadolu,"Reşadiye, Çekmeköy, İstanbul",Yarıçap 3 km (radius targeting),Mahalle/semt: Reşadiye — konum ara kutusuna yazıp yarıçap seçin
GT | Search | Kamera ile Gider Kontrolu | Anadolu,"Yenidoğan, Sancaktepe, İstanbul",Yarıçap 3 km (radius targeting),Mahalle/semt: Yenidoğan — konum ara kutusuna yazıp yarıçap seçin
GT | Search | Kamera ile Gider Kontrolu | Anadolu,"Sultanbeyli, İstanbul, Türkiye",İlçe (doğrudan hedefle),Google Ads listesinde ilçe olarak bulunur
